city_id,city_name,state
1,Bombuflat,1
2,Garacharma,1
3,Port Blair,1
4,Rangat,1
5,Addanki,2
6,Adivivaram,2
7,Adoni,2
8,Aganampudi,2
9,Ajjaram,2
10,Akividu,2
11,Akkarampalle,2
12,Akkayapalle,2
13,Akkireddipalem,2
14,Alampur,2
15,Amalapuram,2
16,Amudalavalasa,2
17,Amur,2
18,Anakapalle,2
19,Anantapur,2
20,Andole,2
21,Atmakur,2
22,Attili,2
23,Avanigadda,2
24,Badepalli,2
25,Badvel,2
26,Balapur,2
27,Bandarulanka,2
28,Banganapalle,2
29,Bapatla,2
30,Bapulapadu,2
31,Belampalli,2
32,Bestavaripeta,2
33,Betamcherla,2
34,Bhattiprolu,2
35,Bhimavaram,2
36,Bhimunipatnam,2
37,Bobbili,2
38,Bombuflat,2
39,Bommuru,2
40,Bugganipalle,2
41,Challapalle,2
42,Chandur,2
43,Chatakonda,2
44,Chemmumiahpet,2
45,Chidiga,2
46,Chilakaluripet,2
47,Chimakurthy,2
48,Chinagadila,2
49,Chinagantyada,2
50,Chinnachawk,2
51,Chintalavalasa,2
52,Chipurupalle,2
53,Chirala,2
54,Chittoor,2
55,Chodavaram,2
56,Choutuppal,2
57,Chunchupalle,2
58,Cuddapah,2
59,Cumbum,2
60,Darnakal,2
61,Dasnapur,2
62,Dauleshwaram,2
63,Dharmavaram,2
64,Dhone,2
65,Dommara Nandyal,2
66,Dowlaiswaram,2
67,East Godavari Dist.,2
68,Eddumailaram,2
69,Edulapuram,2
70,Ekambara kuppam,2
71,Eluru,2
72,Enikapadu,2
73,Fakirtakya,2
74,Farrukhnagar,2
75,Gaddiannaram,2
76,Gajapathinagaram,2
77,Gajularega,2
78,Gajuvaka,2
79,Gannavaram,2
80,Garacharma,2
81,Garimellapadu,2
82,Giddalur,2
83,Godavarikhani,2
84,Gopalapatnam,2
85,Gopalur,2
86,Gorrekunta,2
87,Gudivada,2
88,Gudur,2
89,Guntakal,2
90,Guntur,2
91,Guti,2
92,Hindupur,2
93,Hukumpeta,2
94,Ichchapuram,2
95,Isnapur,2
96,Jaggayyapeta,2
97,Jallaram Kamanpur,2
98,Jammalamadugu,2
99,Jangampalli,2
100,Jarjapupeta,2
101,Kadiri,2
102,Kaikalur,2
103,Kakinada,2
104,Kallur,2
105,Kalyandurg,2
106,Kamalapuram,2
107,Kamareddi,2
108,Kanapaka,2
109,Kanigiri,2
110,Kanithi,2
111,Kankipadu,2
112,Kantabamsuguda,2
113,Kanuru,2
114,Karnul,2
115,Katheru,2
116,Kavali,2
117,Kazipet,2
118,Khanapuram Haveli,2
119,Kodar,2
120,Kollapur,2
121,Kondapalem,2
122,Kondapalle,2
123,Kondukur,2
124,Kosgi,2
125,Kothavalasa,2
126,Kottapalli,2
127,Kovur,2
128,Kovurpalle,2
129,Kovvur,2
130,Krishna,2
131,Kuppam,2
132,Kurmannapalem,2
133,Kurnool,2
134,Lakshettipet,2
135,Lalbahadur Nagar,2
136,Machavaram,2
137,Macherla,2
138,Machilipatnam,2
139,Madanapalle,2
140,Madaram,2
141,Madhuravada,2
142,Madikonda,2
143,Madugule,2
144,Mahabubnagar,2
145,Mahbubabad,2
146,Malkajgiri,2
147,Mamilapalle,2
148,Mancheral,2
149,Mandapeta,2
150,Mandasa,2
151,Mangalagiri,2
152,Manthani,2
153,Markapur,2
154,Marturu,2
155,Metpalli,2
156,Mindi,2
157,Mirpet,2
158,Moragudi,2
159,Mothugudam,2
160,Nagari,2
161,Nagireddipalle,2
162,Nandigama,2
163,Nandikotkur,2
164,Nandyal,2
165,Narasannapeta,2
166,Narasapur,2
167,Narasaraopet,2
168,Narayanavanam,2
169,Narsapur,2
170,Narsingi,2
171,Narsipatnam,2
172,Naspur,2
173,Nathayyapalem,2
174,Nayudupeta,2
175,Nelimaria,2
176,Nellore,2
177,Nidadavole,2
178,Nuzvid,2
179,Omerkhan daira,2
180,Ongole,2
181,Osmania University,2
182,Pakala,2
183,Palakole,2
184,Palakurthi,2
185,Palasa,2
186,Palempalle,2
187,Palkonda,2
188,Palmaner,2
189,Pamur,2
190,Panjim,2
191,Papampeta,2
192,Parasamba,2
193,Parvatipuram,2
194,Patancheru,2
195,Payakaraopet,2
196,Pedagantyada,2
197,Pedana,2
198,Peddapuram,2
199,Pendurthi,2
200,Penugonda,2
201,Penukonda,2
202,Phirangipuram,2
203,Pithapuram,2
204,Ponnur,2
205,Port Blair,2
206,Pothinamallayyapalem,2
207,Prakasam,2
208,Prasadampadu,2
209,Prasantinilayam,2
210,Proddatur,2
211,Pulivendla,2
212,Punganuru,2
213,Puttur,2
214,Qutubullapur,2
215,Rajahmundry,2
216,Rajamahendri,2
217,Rajampet,2
218,Rajendranagar,2
219,Rajoli,2
220,Ramachandrapuram,2
221,Ramanayyapeta,2
222,Ramapuram,2
223,Ramarajupalli,2
224,Ramavarappadu,2
225,Rameswaram,2
226,Rampachodavaram,2
227,Ravulapalam,2
228,Rayachoti,2
229,Rayadrug,2
230,Razam,2
231,Razole,2
232,Renigunta,2
233,Repalle,2
234,Rishikonda,2
235,Salur,2
236,Samalkot,2
237,Sattenapalle,2
238,Seetharampuram,2
239,Serilungampalle,2
240,Shankarampet,2
241,Shar,2
242,Singarayakonda,2
243,Sirpur,2
244,Sirsilla,2
245,Sompeta,2
246,Sriharikota,2
247,Srikakulam,2
248,Srikalahasti,2
249,Sriramnagar,2
250,Sriramsagar,2
251,Srisailam,2
252,Srisailamgudem Devasthanam,2
253,Sulurpeta,2
254,Suriapet,2
255,Suryaraopet,2
256,Tadepalle,2
257,Tadepalligudem,2
258,Tadpatri,2
259,Tallapalle,2
260,Tanuku,2
261,Tekkali,2
262,Tenali,2
263,Tigalapahad,2
264,Tiruchanur,2
265,Tirumala,2
266,Tirupati,2
267,Tirvuru,2
268,Trimulgherry,2
269,Tuni,2
270,Turangi,2
271,Ukkayapalli,2
272,Ukkunagaram,2
273,Uppal Kalan,2
274,Upper Sileru,2
275,Uravakonda,2
276,Vadlapudi,2
277,Vaparala,2
278,Vemalwada,2
279,Venkatagiri,2
280,Venkatapuram,2
281,Vepagunta,2
282,Vetapalem,2
283,Vijayapuri,2
284,Vijayapuri South,2
285,Vijayawada,2
286,Vinukonda,2
287,Visakhapatnam,2
288,Vizianagaram,2
289,Vuyyuru,2
290,Wanparti,2
291,West Godavari Dist.,2
292,Yadagirigutta,2
293,Yarada,2
294,Yellamanchili,2
295,Yemmiganur,2
296,Yenamalakudru,2
297,Yendada,2
298,Yerraguntla,2
299,Along,3
300,Basar,3
301,Bondila,3
302,Changlang,3
303,Daporijo,3
304,Deomali,3
305,Itanagar,3
306,Jairampur,3
307,Khonsa,3
308,Naharlagun,3
309,Namsai,3
310,Pasighat,3
311,Roing,3
312,Seppa,3
313,Tawang,3
314,Tezu,3
315,Ziro,3
316,Abhayapuri,4
317,Ambikapur,4
318,Amguri,4
319,Anand Nagar,4
320,Badarpur,4
321,Badarpur Railway Town,4
322,Bahbari Gaon,4
323,Bamun Sualkuchi,4
324,Barbari,4
325,Barpathar,4
326,Barpeta,4
327,Barpeta Road,4
328,Basugaon,4
329,Bihpuria,4
330,Bijni,4
331,Bilasipara,4
332,Biswanath Chariali,4
333,Bohori,4
334,Bokajan,4
335,Bokokhat,4
336,Bongaigaon,4
337,Bongaigaon Petro-chemical Town,4
338,Borgolai,4
339,Chabua,4
340,Chandrapur Bagicha,4
341,Chapar,4
342,Chekonidhara,4
343,Choto Haibor,4
344,Dergaon,4
345,Dharapur,4
346,Dhekiajuli,4
347,Dhemaji,4
348,Dhing,4
349,Dhubri,4
350,Dhuburi,4
351,Dibrugarh,4
352,Digboi,4
353,Digboi Oil Town,4
354,Dimaruguri,4
355,Diphu,4
356,Dispur,4
357,Doboka,4
358,Dokmoka,4
359,Donkamokan,4
360,Duliagaon,4
361,Duliajan,4
362,Duliajan No.1,4
363,Dum Duma,4
364,Durga Nagar,4
365,Gauripur,4
366,Goalpara,4
367,Gohpur,4
368,Golaghat,4
369,Golakganj,4
370,Gossaigaon,4
371,Guwahati,4
372,Haflong,4
373,Hailakandi,4
374,Hamren,4
375,Hauli,4
376,Hauraghat,4
377,Hojai,4
378,Jagiroad,4
379,Jagiroad Paper Mill,4
380,Jogighopa,4
381,Jonai Bazar,4
382,Jorhat,4
383,Kampur Town,4
384,Kamrup,4
385,Kanakpur,4
386,Karimganj,4
387,Kharijapikon,4
388,Kharupetia,4
389,Kochpara,4
390,Kokrajhar,4
391,Kumar Kaibarta Gaon,4
392,Lakhimpur,4
393,Lakhipur,4
394,Lala,4
395,Lanka,4
396,Lido Tikok,4
397,Lido Town,4
398,Lumding,4
399,Lumding Railway Colony,4
400,Mahur,4
401,Maibong,4
402,Majgaon,4
403,Makum,4
404,Mangaldai,4
405,Mankachar,4
406,Margherita,4
407,Mariani,4
408,Marigaon,4
409,Moran,4
410,Moranhat,4
411,Nagaon,4
412,Naharkatia,4
413,Nalbari,4
414,Namrup,4
415,Naubaisa Gaon,4
416,Nazira,4
417,New Bongaigaon Railway Colony,4
418,Niz-Hajo,4
419,North Guwahati,4
420,Numaligarh,4
421,Palasbari,4
422,Panchgram,4
423,Pathsala,4
424,Raha,4
425,Rangapara,4
426,Rangia,4
427,Salakati,4
428,Sapatgram,4
429,Sarthebari,4
430,Sarupathar,4
431,Sarupathar Bengali,4
432,Senchoagaon,4
433,Sibsagar,4
434,Silapathar,4
435,Silchar,4
436,Silchar Part-X,4
437,Sonari,4
438,Sorbhog,4
439,Sualkuchi,4
440,Tangla,4
441,Tezpur,4
442,Tihu,4
443,Tinsukia,4
444,Titabor,4
445,Udalguri,4
446,Umrangso,4
447,Uttar Krishnapur Part-I,4
448,Amarpur,5
449,Ara,5
450,Araria,5
451,Areraj,5
452,Asarganj,5
453,Aurangabad,5
454,Bagaha,5
455,Bahadurganj,5
456,Bairgania,5
457,Bakhtiyarpur,5
458,Banka,5
459,Banmankhi,5
460,Bar Bigha,5
461,Barauli,5
462,Barauni Oil Township,5
463,Barh,5
464,Barhiya,5
465,Bariapur,5
466,Baruni,5
467,Begusarai,5
468,Behea,5
469,Belsand,5
470,Bettiah,5
471,Bhabua,5
472,Bhagalpur,5
473,Bhimnagar,5
474,Bhojpur,5
475,Bihar,5
476,Bihar Sharif,5
477,Bihariganj,5
478,Bikramganj,5
479,Birpur,5
480,Bodh Gaya,5
481,Buxar,5
482,Chakia,5
483,Chanpatia,5
484,Chhapra,5
485,Chhatapur,5
486,Colgong,5
487,Dalsingh Sarai,5
488,Darbhanga,5
489,Daudnagar,5
490,Dehri,5
491,Dhaka,5
492,Dighwara,5
493,Dinapur,5
494,Dinapur Cantonment,5
495,Dumra,5
496,Dumraon,5
497,Fatwa,5
498,Forbesganj,5
499,Gaya,5
500,Gazipur,5
501,Ghoghardiha,5
502,Gogri Jamalpur,5
503,Gopalganj,5
504,Habibpur,5
505,Hajipur,5
506,Hasanpur,5
507,Hazaribagh,5
508,Hilsa,5
509,Hisua,5
510,Islampur,5
511,Jagdispur,5
512,Jahanabad,5
513,Jamalpur,5
514,Jamhaur,5
515,Jamui,5
516,Janakpur Road,5
517,Janpur,5
518,Jaynagar,5
519,Jha Jha,5
520,Jhanjharpur,5
521,Jogbani,5
522,Kanti,5
523,Kasba,5
524,Kataiya,5
525,Katihar,5
526,Khagaria,5
527,Khagaul,5
528,Kharagpur,5
529,Khusrupur,5
530,Kishanganj,5
531,Koath,5
532,Koilwar,5
533,Lakhisarai,5
534,Lalganj,5
535,Lauthaha,5
536,Madhepura,5
537,Madhubani,5
538,Maharajganj,5
539,Mahnar Bazar,5
540,Mairwa,5
541,Makhdumpur,5
542,Maner,5
543,Manihari,5
544,Marhaura,5
545,Masaurhi,5
546,Mirganj,5
547,Mohiuddinagar,5
548,Mokama,5
549,Motihari,5
550,Motipur,5
551,Munger,5
552,Murliganj,5
553,Muzaffarpur,5
554,Nabinagar,5
555,Narkatiaganj,5
556,Nasriganj,5
557,Natwar,5
558,Naugachhia,5
559,Nawada,5
560,Nirmali,5
561,Nokha,5
562,Paharpur,5
563,Patna,5
564,Phulwari,5
565,Piro,5
566,Purnia,5
567,Pusa,5
568,Rafiganj,5
569,Raghunathpur,5
570,Rajgir,5
571,Ramnagar,5
572,Raxaul,5
573,Revelganj,5
574,Rusera,5
575,Sagauli,5
576,Saharsa,5
577,Samastipur,5
578,Sasaram,5
579,Shahpur,5
580,Shaikhpura,5
581,Sherghati,5
582,Shivhar,5
583,Silao,5
584,Sitamarhi,5
585,Siwan,5
586,Sonepur,5
587,Sultanganj,5
588,Supaul,5
589,Teghra,5
590,Tekari,5
591,Thakurganj,5
592,Vaishali,5
593,Waris Aliganj,5
594,Chandigarh,6
595,Ahiwara,7
596,Akaltara,7
597,Ambagarh Chauki,7
598,Ambikapur,7
599,Arang,7
600,Bade Bacheli,7
601,Bagbahara,7
602,Baikunthpur,7
603,Balod,7
604,Baloda,7
605,Baloda Bazar,7
606,Banarsi,7
607,Basna,7
608,Bemetra,7
609,Bhanpuri,7
610,Bhatapara,7
611,Bhatgaon,7
612,Bhilai,7
613,Bilaspur,7
614,Bilha,7
615,Birgaon,7
616,Bodri,7
617,Champa,7
618,Charcha,7
619,Charoda,7
620,Chhuikhadan,7
621,Chirmiri,7
622,Dantewada,7
623,Deori,7
624,Dhamdha,7
625,Dhamtari,7
626,Dharamjaigarh,7
627,Dipka,7
628,Doman Hill Colliery,7
629,Dongargaon,7
630,Dongragarh,7
631,Durg,7
632,Frezarpur,7
633,Gandai,7
634,Gariaband,7
635,Gaurela,7
636,Gelhapani,7
637,Gharghoda,7
638,Gidam,7
639,Gobra Nawapara,7
640,Gogaon,7
641,Hatkachora,7
642,Jagdalpur,7
643,Jamui,7
644,Jashpurnagar,7
645,Jhagrakhand,7
646,Kanker,7
647,Katghora,7
648,Kawardha,7
649,Khairagarh,7
650,Khamhria,7
651,Kharod,7
652,Kharsia,7
653,Khonga Pani,7
654,Kirandu,7
655,Kirandul,7
656,Kohka,7
657,Kondagaon,7
658,Korba,7
659,Korea,7
660,Koria Block,7
661,Kota,7
662,Kumhari,7
663,Kumud Katta,7
664,Kurasia,7
665,Kurud,7
666,Lingiyadih,7
667,Lormi,7
668,Mahasamund,7
669,Mahendragarh,7
670,Mehmand,7
671,Mongra,7
672,Mowa,7
673,Mungeli,7
674,Nailajanjgir,7
675,Namna Kalan,7
676,Naya Baradwar,7
677,Pandariya,7
678,Patan,7
679,Pathalgaon,7
680,Pendra,7
681,Phunderdihari,7
682,Pithora,7
683,Raigarh,7
684,Raipur,7
685,Rajgamar,7
686,Rajhara,7
687,Rajnandgaon,7
688,Ramanuj Ganj,7
689,Ratanpur,7
690,Sakti,7
691,Saraipali,7
692,Sarajpur,7
693,Sarangarh,7
694,Shivrinarayan,7
695,Simga,7
696,Sirgiti,7
697,Takhatpur,7
698,Telgaon,7
699,Tildanewra,7
700,Urla,7
701,Vishrampur,7
702,Amli,8
703,Silvassa,8
704,Daman,9
705,Diu,9
706,Delhi,10
707,New Delhi,10
708,Aldona,11
709,Altinho,11
710,Aquem,11
711,Arpora,11
712,Bambolim,11
713,Bandora,11
714,Bardez,11
715,Benaulim,11
716,Betora,11
717,Bicholim,11
718,Calapor,11
719,Candolim,11
720,Caranzalem,11
721,Carapur,11
722,Chicalim,11
723,Chimbel,11
724,Chinchinim,11
725,Colvale,11
726,Corlim,11
727,Cortalim,11
728,Cuncolim,11
729,Curchorem,11
730,Curti,11
731,Davorlim,11
732,Dona Paula,11
733,Goa,11
734,Guirim,11
735,Jua,11
736,Kalangat,11
737,Kankon,11
738,Kundaim,11
739,Loutulim,11
740,Madgaon,11
741,Mapusa,11
742,Margao,11
743,Margaon,11
744,Miramar,11
745,Morjim,11
746,Mormugao,11
747,Navelim,11
748,Pale,11
749,Panaji,11
750,Parcem,11
751,Parra,11
752,Penha de Franca,11
753,Pernem,11
754,Pilerne,11
755,Pissurlem,11
756,Ponda,11
757,Porvorim,11
758,Quepem,11
759,Queula,11
760,Raia,11
761,Reis Magos,11
762,Salcette,11
763,Saligao,11
764,Sancoale,11
765,Sanguem,11
766,Sanquelim,11
767,Sanvordem,11
768,Sao Jose-de-Areal,11
769,Sattari,11
770,Serula,11
771,Sinquerim,11
772,Siolim,11
773,Taleigao,11
774,Tivim,11
775,Valpoi,11
776,Varca,11
777,Vasco,11
778,Verna,11
779,Abrama,12
780,Adalaj,12
781,Adityana,12
782,Advana,12
783,Ahmedabad,12
784,Ahwa,12
785,Alang,12
786,Ambaji,12
787,Ambaliyasan,12
788,Amod,12
789,Amreli,12
790,Amroli,12
791,Anand,12
792,Andada,12
793,Anjar,12
794,Anklav,12
795,Ankleshwar,12
796,Anklesvar INA,12
797,Antaliya,12
798,Arambhada,12
799,Asarma,12
800,Atul,12
801,Babra,12
802,Bag-e-Firdosh,12
803,Bagasara,12
804,Bahadarpar,12
805,Bajipura,12
806,Bajva,12
807,Balasinor,12
808,Banaskantha,12
809,Bansda,12
810,Bantva,12
811,Bardoli,12
812,Barwala,12
813,Bayad,12
814,Bechar,12
815,Bedi,12
816,Beyt,12
817,Bhachau,12
818,Bhanvad,12
819,Bharuch,12
820,Bharuch INA,12
821,Bhavnagar,12
822,Bhayavadar,12
823,Bhestan,12
824,Bhuj,12
825,Bilimora,12
826,Bilkha,12
827,Billimora,12
828,Bodakdev,12
829,Bodeli,12
830,Bopal,12
831,Boria,12
832,Boriavi,12
833,Borsad,12
834,Botad,12
835,Cambay,12
836,Chaklasi,12
837,Chala,12
838,Chalala,12
839,Chalthan,12
840,Chanasma,12
841,Chandisar,12
842,Chandkheda,12
843,Chanod,12
844,Chaya,12
845,Chenpur,12
846,Chhapi,12
847,Chhaprabhatha,12
848,Chhatral,12
849,Chhota Udepur,12
850,Chikhli,12
851,Chiloda,12
852,Chorvad,12
853,Chotila,12
854,Dabhoi,12
855,Dadara,12
856,Dahod,12
857,Dakor,12
858,Damnagar,12
859,Deesa,12
860,Delvada,12
861,Devgadh Baria,12
862,Devsar,12
863,Dhandhuka,12
864,Dhanera,12
865,Dhangdhra,12
866,Dhansura,12
867,Dharampur,12
868,Dhari,12
869,Dhola,12
870,Dholka,12
871,Dholka Rural,12
872,Dhoraji,12
873,Dhrangadhra,12
874,Dhrol,12
875,Dhuva,12
876,Dhuwaran,12
877,Digvijaygram,12
878,Disa,12
879,Dungar,12
880,Dungarpur,12
881,Dungra,12
882,Dwarka,12
883,Flelanganj,12
884,GSFC Complex,12
885,Gadhda,12
886,Gandevi,12
887,Gandhidham,12
888,Gandhinagar,12
889,Gariadhar,12
890,Ghogha,12
891,Godhra,12
892,Gondal,12
893,Hajira INA,12
894,Halol,12
895,Halvad,12
896,Hansot,12
897,Harij,12
898,Himatnagar,12
899,Ichchhapor,12
900,Idar,12
901,Jafrabad,12
902,Jalalpore,12
903,Jambusar,12
904,Jamjodhpur,12
905,Jamnagar,12
906,Jasdan,12
907,Jawaharnagar,12
908,Jetalsar,12
909,Jetpur,12
910,Jodiya,12
911,Joshipura,12
912,Junagadh,12
913,Kadi,12
914,Kadodara,12
915,Kalavad,12
916,Kali,12
917,Kaliawadi,12
918,Kalol,12
919,Kalol INA,12
920,Kandla,12
921,Kanjari,12
922,Kanodar,12
923,Kapadwanj,12
924,Karachiya,12
925,Karamsad,12
926,Karjan,12
927,Kathial,12
928,Kathor,12
929,Katpar,12
930,Kavant,12
931,Keshod,12
932,Kevadiya,12
933,Khambhaliya,12
934,Khambhat,12
935,Kharaghoda,12
936,Khed Brahma,12
937,Kheda,12
938,Kheralu,12
939,Kodinar,12
940,Kosamba,12
941,Kundla,12
942,Kutch,12
943,Kutiyana,12
944,Lakhtar,12
945,Lalpur,12
946,Lambha,12
947,Lathi,12
948,Limbdi,12
949,Limla,12
950,Lunavada,12
951,Madhapar,12
952,Maflipur,12
953,Mahemdavad,12
954,Mahudha,12
955,Mahuva,12
956,Mahuvar,12
957,Makarba,12
958,Makarpura,12
959,Makassar,12
960,Maktampur,12
961,Malia,12
962,Malpur,12
963,Manavadar,12
964,Mandal,12
965,Mandvi,12
966,Mangrol,12
967,Mansa,12
968,Meghraj,12
969,Mehsana,12
970,Mendarla,12
971,Mithapur,12
972,Modasa,12
973,Mogravadi,12
974,Morbi,12
975,Morvi,12
976,Mundra,12
977,Nadiad,12
978,Naliya,12
979,Nanakvada,12
980,Nandej,12
981,Nandesari,12
982,Nandesari INA,12
983,Naroda,12
984,Navagadh,12
985,Navagam Ghed,12
986,Navsari,12
987,Ode,12
988,Okaf,12
989,Okha,12
990,Olpad,12
991,Paddhari,12
992,Padra,12
993,Palanpur,12
994,Palej,12
995,Pali,12
996,Palitana,12
997,Paliyad,12
998,Pandesara,12
999,Panoli,12
1000,Pardi,12
1001,Parnera,12
1002,Parvat,12
1003,Patan,12
1004,Patdi,12
1005,Petlad,12
1006,Petrochemical Complex,12
1007,Porbandar,12
1008,Prantij,12
1009,Radhanpur,12
1010,Raiya,12
1011,Rajkot,12
1012,Rajpipla,12
1013,Rajula,12
1014,Ramod,12
1015,Ranavav,12
1016,Ranoli,12
1017,Rapar,12
1018,Sahij,12
1019,Salaya,12
1020,Sanand,12
1021,Sankheda,12
1022,Santrampur,12
1023,Saribujrang,12
1024,Sarigam INA,12
1025,Sayan,12
1026,Sayla,12
1027,Shahpur,12
1028,Shahwadi,12
1029,Shapar,12
1030,Shivrajpur,12
1031,Siddhapur,12
1032,Sidhpur,12
1033,Sihor,12
1034,Sika,12
1035,Singarva,12
1036,Sinor,12
1037,Sojitra,12
1038,Sola,12
1039,Songadh,12
1040,Suraj Karadi,12
1041,Surat,12
1042,Surendranagar,12
1043,Talaja,12
1044,Talala,12
1045,Talod,12
1046,Tankara,12
1047,Tarsali,12
1048,Thangadh,12
1049,Tharad,12
1050,Thasra,12
1051,Udyognagar,12
1052,Ukai,12
1053,Umbergaon,12
1054,Umbergaon INA,12
1055,Umrala,12
1056,Umreth,12
1057,Un,12
1058,Una,12
1059,Unjha,12
1060,Upleta,12
1061,Utran,12
1062,Uttarsanda,12
1063,V.U. Nagar,12
1064,V.V. Nagar,12
1065,Vadia,12
1066,Vadla,12
1067,Vadnagar,12
1068,Vadodara,12
1069,Vaghodia INA,12
1070,Valbhipur,12
1071,Vallabh Vidyanagar,12
1072,Valsad,12
1073,Valsad INA,12
1074,Vanthali,12
1075,Vapi,12
1076,Vapi INA,12
1077,Vartej,12
1078,Vasad,12
1079,Vasna Borsad INA,12
1080,Vaso,12
1081,Veraval,12
1082,Vidyanagar,12
1083,Vijalpor,12
1084,Vijapur,12
1085,Vinchhiya,12
1086,Vinzol,12
1087,Virpur,12
1088,Visavadar,12
1089,Visnagar,12
1090,Vyara,12
1091,Wadhwan,12
1092,Waghai,12
1093,Waghodia,12
1094,Wankaner,12
1095,Zalod,12
1096,Ambala,13
1097,Ambala Cantt,13
1098,Asan Khurd,13
1099,Asandh,13
1100,Ateli,13
1101,Babiyal,13
1102,Bahadurgarh,13
1103,Ballabgarh,13
1104,Barwala,13
1105,Bawal,13
1106,Bawani Khera,13
1107,Beri,13
1108,Bhiwani,13
1109,Bilaspur,13
1110,Buria,13
1111,Charkhi Dadri,13
1112,Chhachhrauli,13
1113,Chita,13
1114,Dabwali,13
1115,Dharuhera,13
1116,Dundahera,13
1117,Ellenabad,13
1118,Farakhpur,13
1119,Faridabad,13
1120,Farrukhnagar,13
1121,Fatehabad,13
1122,Firozpur Jhirka,13
1123,Gannaur,13
1124,Ghraunda,13
1125,Gohana,13
1126,Gurgaon,13
1127,Haileymandi,13
1128,Hansi,13
1129,Hasanpur,13
1130,Hathin,13
1131,Hisar,13
1132,Hissar,13
1133,Hodal,13
1134,Indri,13
1135,Jagadhri,13
1136,Jakhal Mandi,13
1137,Jhajjar,13
1138,Jind,13
1139,Julana,13
1140,Kaithal,13
1141,Kalanur,13
1142,Kalanwali,13
1143,Kalayat,13
1144,Kalka,13
1145,Kanina,13
1146,Kansepur,13
1147,Kardhan,13
1148,Karnal,13
1149,Kharkhoda,13
1150,Kheri Sampla,13
1151,Kundli,13
1152,Kurukshetra,13
1153,Ladrawan,13
1154,Ladwa,13
1155,Loharu,13
1156,Maham,13
1157,Mahendragarh,13
1158,Mustafabad,13
1159,Nagai Chaudhry,13
1160,Narayangarh,13
1161,Narnaul,13
1162,Narnaund,13
1163,Narwana,13
1164,Nilokheri,13
1165,Nuh,13
1166,Palwal,13
1167,Panchkula,13
1168,Panipat,13
1169,Panipat Taraf Ansar,13
1170,Panipat Taraf Makhdum Zadgan,13
1171,Panipat Taraf Rajputan,13
1172,Pehowa,13
1173,Pinjaur,13
1174,Punahana,13
1175,Pundri,13
1176,Radaur,13
1177,Raipur Rani,13
1178,Rania,13
1179,Ratiya,13
1180,Rewari,13
1181,Rohtak,13
1182,Ropar,13
1183,Sadauri,13
1184,Safidon,13
1185,Samalkha,13
1186,Sankhol,13
1187,Sasauli,13
1188,Shahabad,13
1189,Sirsa,13
1190,Siwani,13
1191,Sohna,13
1192,Sonipat,13
1193,Sukhrali,13
1194,Taoru,13
1195,Taraori,13
1196,Tauru,13
1197,Thanesar,13
1198,Tilpat,13
1199,Tohana,13
1200,Tosham,13
1201,Uchana,13
1202,Uklana Mandi,13
1203,Uncha Siwana,13
1204,Yamunanagar,13
1205,Arki,14
1206,Baddi,14
1207,Bakloh,14
1208,Banjar,14
1209,Bhota,14
1210,Bhuntar,14
1211,Bilaspur,14
1212,Chamba,14
1213,Chaupal,14
1214,Chuari Khas,14
1215,Dagshai,14
1216,Dalhousie,14
1217,Dalhousie Cantonment,14
1218,Damtal,14
1219,Daulatpur,14
1220,Dera Gopipur,14
1221,Dhalli,14
1222,Dharamshala,14
1223,Gagret,14
1224,Ghamarwin,14
1225,Hamirpur,14
1226,Jawala Mukhi,14
1227,Jogindarnagar,14
1228,Jubbal,14
1229,Jutogh,14
1230,Kala Amb,14
1231,Kalpa,14
1232,Kangra,14
1233,Kasauli,14
1234,Kot Khai,14
1235,Kullu,14
1236,Kulu,14
1237,Manali,14
1238,Mandi,14
1239,Mant Khas,14
1240,Mehatpur Basdehra,14
1241,Nadaun,14
1242,Nagrota,14
1243,Nahan,14
1244,Naina Devi,14
1245,Nalagarh,14
1246,Narkanda,14
1247,Nurpur,14
1248,Palampur,14
1249,Pandoh,14
1250,Paonta Sahib,14
1251,Parwanoo,14
1252,Parwanu,14
1253,Rajgarh,14
1254,Rampur,14
1255,Rawalsar,14
1256,Rohru,14
1257,Sabathu,14
1258,Santokhgarh,14
1259,Sarahan,14
1260,Sarka Ghat,14
1261,Seoni,14
1262,Shimla,14
1263,Sirmaur,14
1264,Solan,14
1265,Solon,14
1266,Sundarnagar,14
1267,Sundernagar,14
1268,Talai,14
1269,Theog,14
1270,Tira Sujanpur,14
1271,Una,14
1272,Yol,14
1273,Achabal,15
1274,Akhnur,15
1275,Anantnag,15
1276,Arnia,15
1277,Awantipora,15
1278,Badami Bagh,15
1279,Bandipur,15
1280,Banihal,15
1281,Baramula,15
1282,Baramulla,15
1283,Bari Brahmana,15
1284,Bashohli,15
1285,Batote,15
1286,Bhaderwah,15
1287,Bijbiara,15
1288,Billawar,15
1289,Birwah,15
1290,Bishna,15
1291,Budgam,15
1292,Charari Sharief,15
1293,Chenani,15
1294,Doda,15
1295,Duru-Verinag,15
1296,Gandarbat,15
1297,Gho Manhasan,15
1298,Gorah Salathian,15
1299,Gulmarg,15
1300,Hajan,15
1301,Handwara,15
1302,Hiranagar,15
1303,Jammu,15
1304,Jammu Cantonment,15
1305,Jammu Tawi,15
1306,Jourian,15
1307,Kargil,15
1308,Kathua,15
1309,Katra,15
1310,Khan Sahib,15
1311,Khour,15
1312,Khrew,15
1313,Kishtwar,15
1314,Kud,15
1315,Kukernag,15
1316,Kulgam,15
1317,Kunzer,15
1318,Kupwara,15
1319,Lakhenpur,15
1320,Leh,15
1321,Magam,15
1322,Mattan,15
1323,Naushehra,15
1324,Pahalgam,15
1325,Pampore,15
1326,Parole,15
1327,Pattan,15
1328,Pulwama,15
1329,Punch,15
1330,Qazigund,15
1331,Rajauri,15
1332,Ramban,15
1333,Ramgarh,15
1334,Ramnagar,15
1335,Ranbirsingh Pora,15
1336,Reasi,15
1337,Rehambal,15
1338,Samba,15
1339,Shupiyan,15
1340,Sopur,15
1341,Srinagar,15
1342,Sumbal,15
1343,Sunderbani,15
1344,Talwara,15
1345,Thanamandi,15
1346,Tral,15
1347,Udhampur,15
1348,Uri,15
1349,Vijaypur,15
1350,Adityapur,16
1351,Amlabad,16
1352,Angarpathar,16
1353,Ara,16
1354,Babua Kalan,16
1355,Bagbahra,16
1356,Baliapur,16
1357,Baliari,16
1358,Balkundra,16
1359,Bandhgora,16
1360,Barajamda,16
1361,Barhi,16
1362,Barka Kana,16
1363,Barki Saraiya,16
1364,Barughutu,16
1365,Barwadih,16
1366,Basaria,16
1367,Basukinath,16
1368,Bermo,16
1369,Bhagatdih,16
1370,Bhaurah,16
1371,Bhojudih,16
1372,Bhuli,16
1373,Bokaro,16
1374,Borio Bazar,16
1375,Bundu,16
1376,Chaibasa,16
1377,Chaitudih,16
1378,Chakradharpur,16
1379,Chakulia,16
1380,Chandaur,16
1381,Chandil,16
1382,Chandrapura,16
1383,Chas,16
1384,Chatra,16
1385,Chhatatanr,16
1386,Chhotaputki,16
1387,Chiria,16
1388,Chirkunda,16
1389,Churi,16
1390,Daltenganj,16
1391,Danguwapasi,16
1392,Dari,16
1393,Deoghar,16
1394,Deorikalan,16
1395,Devghar,16
1396,Dhanbad,16
1397,Dhanwar,16
1398,Dhaunsar,16
1399,Dugda,16
1400,Dumarkunda,16
1401,Dumka,16
1402,Egarkunr,16
1403,Gadhra,16
1404,Garwa,16
1405,Ghatsila,16
1406,Ghorabandha,16
1407,Gidi,16
1408,Giridih,16
1409,Gobindpur,16
1410,Godda,16
1411,Godhar,16
1412,Golphalbari,16
1413,Gomoh,16
1414,Gua,16
1415,Gumia,16
1416,Gumla,16
1417,Haludbani,16
1418,Hazaribag,16
1419,Hesla,16
1420,Husainabad,16
1421,Isri,16
1422,Jadugora,16
1423,Jagannathpur,16
1424,Jamadoba,16
1425,Jamshedpur,16
1426,Jamtara,16
1427,Jarangdih,16
1428,Jaridih,16
1429,Jasidih,16
1430,Jena,16
1431,Jharia,16
1432,Jharia Khas,16
1433,Jhinkpani,16
1434,Jhumri Tilaiya,16
1435,Jorapokhar,16
1436,Jugsalai,16
1437,Kailudih,16
1438,Kalikapur,16
1439,Kandra,16
1440,Kanke,16
1441,Katras,16
1442,Kedla,16
1443,Kenduadih,16
1444,Kharkhari,16
1445,Kharsawan,16
1446,Khelari,16
1447,Khunti,16
1448,Kiri Buru,16
1449,Kiriburu,16
1450,Kodarma,16
1451,Kuju,16
1452,Kurpania,16
1453,Kustai,16
1454,Lakarka,16
1455,Lapanga,16
1456,Latehar,16
1457,Lohardaga,16
1458,Loiya,16
1459,Loyabad,16
1460,Madhupur,16
1461,Mahesh Mundi,16
1462,Maithon,16
1463,Malkera,16
1464,Mango,16
1465,Manoharpur,16
1466,Marma,16
1467,Meghahatuburu Forest village,16
1468,Mera,16
1469,Meru,16
1470,Mihijam,16
1471,Mugma,16
1472,Muri,16
1473,Mushabani,16
1474,Nagri Kalan,16
1475,Netarhat,16
1476,Nirsa,16
1477,Noamundi,16
1478,Okni,16
1479,Orla,16
1480,Pakaur,16
1481,Palamau,16
1482,Palawa,16
1483,Panchet,16
1484,Panrra,16
1485,Paratdih,16
1486,Pathardih,16
1487,Patratu,16
1488,Phusro,16
1489,Pondar Kanali,16
1490,Rajmahal,16
1491,Ramgarh,16
1492,Ranchi,16
1493,Ray,16
1494,Rehla,16
1495,Religara,16
1496,Rohraband,16
1497,Sahibganj,16
1498,Sahnidih,16
1499,Saraidhela,16
1500,Saraikela,16
1501,Sarjamda,16
1502,Saunda,16
1503,Sewai,16
1504,Sijhua,16
1505,Sijua,16
1506,Simdega,16
1507,Sindari,16
1508,Sinduria,16
1509,Sini,16
1510,Sirka,16
1511,Siuliban,16
1512,Surubera,16
1513,Tati,16
1514,Tenudam,16
1515,Tisra,16
1516,Topa,16
1517,Topchanchi,16
1518,Adityanagar,17
1519,Adityapatna,17
1520,Afzalpur,17
1521,Ajjampur,17
1522,Aland,17
1523,Almatti Sitimani,17
1524,Alnavar,17
1525,Alur,17
1526,Ambikanagara,17
1527,Anekal,17
1528,Ankola,17
1529,Annigeri,17
1530,Arkalgud,17
1531,Arsikere,17
1532,Athni,17
1533,Aurad,17
1534,Badagavettu,17
1535,Badami,17
1536,Bagalkot,17
1537,Bagepalli,17
1538,Bailhongal,17
1539,Baindur,17
1540,Bajala,17
1541,Bajpe,17
1542,Banavar,17
1543,Bangarapet,17
1544,Bankapura,17
1545,Bannur,17
1546,Bantwal,17
1547,Basavakalyan,17
1548,Basavana Bagevadi,17
1549,Belagula,17
1550,Belakavadiq,17
1551,Belgaum,17
1552,Belgaum Cantonment,17
1553,Bellary,17
1554,Belluru,17
1555,Beltangadi,17
1556,Belur,17
1557,Belvata,17
1558,Bengaluru,17
1559,Bhadravati,17
1560,Bhalki,17
1561,Bhatkal,17
1562,Bhimarayanagudi,17
1563,Bhogadi,17
1564,Bidar,17
1565,Bijapur,17
1566,Bilgi,17
1567,Birur,17
1568,Bommanahalli,17
1569,Bommasandra,17
1570,Byadgi,17
1571,Byatarayanapura,17
1572,Chakranagar Colony,17
1573,Challakere,17
1574,Chamrajnagar,17
1575,Chamundi Betta,17
1576,Channagiri,17
1577,Channapatna,17
1578,Channarayapatna,17
1579,Chickballapur,17
1580,Chik Ballapur,17
1581,Chikkaballapur,17
1582,Chikmagalur,17
1583,Chiknayakanhalli,17
1584,Chikodi,17
1585,Chincholi,17
1586,Chintamani,17
1587,Chitaguppa,17
1588,Chitapur,17
1589,Chitradurga,17
1590,Coorg,17
1591,Dandeli,17
1592,Dargajogihalli,17
1593,Dasarahalli,17
1594,Davangere,17
1595,Devadurga,17
1596,Devagiri,17
1597,Devanhalli,17
1598,Dharwar,17
1599,Dhupdal,17
1600,Dod Ballapur,17
1601,Donimalai,17
1602,Gadag,17
1603,Gajendragarh,17
1604,Ganeshgudi,17
1605,Gangawati,17
1606,Gangoli,17
1607,Gauribidanur,17
1608,Gokak,17
1609,Gokak Falls,17
1610,Gonikoppal,17
1611,Gorur,17
1612,Gottikere,17
1613,Gubbi,17
1614,Gudibanda,17
1615,Gulbarga,17
1616,Guledgudda,17
1617,Gundlupet,17
1618,Gurmatkal,17
1619,Haliyal,17
1620,Hangal,17
1621,Harihar,17
1622,Harpanahalli,17
1623,Hassan,17
1624,Hatti,17
1625,Hatti Gold Mines,17
1626,Haveri,17
1627,Hebbagodi,17
1628,Hebbalu,17
1629,Hebri,17
1630,Heggadadevanakote,17
1631,Herohalli,17
1632,Hidkal,17
1633,Hindalgi,17
1634,Hirekerur,17
1635,Hiriyur,17
1636,Holalkere,17
1637,Hole Narsipur,17
1638,Homnabad,17
1639,Honavar,17
1640,Honnali,17
1641,Hosakote,17
1642,Hosanagara,17
1643,Hosangadi,17
1644,Hosdurga,17
1645,Hoskote,17
1646,Hospet,17
1647,Hubli,17
1648,Hukeri,17
1649,Hunasagi,17
1650,Hunasamaranahalli,17
1651,Hungund,17
1652,Hunsur,17
1653,Huvina Hadagalli,17
1654,Ilkal,17
1655,Indi,17
1656,Jagalur,17
1657,Jamkhandi,17
1658,Jevargi,17
1659,Jog Falls,17
1660,Kabini Colony,17
1661,Kadur,17
1662,Kalghatgi,17
1663,Kamalapuram,17
1664,Kampli,17
1665,Kanakapura,17
1666,Kangrali BK,17
1667,Kangrali KH,17
1668,Kannur,17
1669,Karkala,17
1670,Karwar,17
1671,Kemminja,17
1672,Kengeri,17
1673,Kerur,17
1674,Khanapur,17
1675,Kodigenahalli,17
1676,Kodiyal,17
1677,Kodlipet,17
1678,Kolar,17
1679,Kollegal,17
1680,Konanakunte,17
1681,Konanur,17
1682,Konnur,17
1683,Koppa,17
1684,Koppal,17
1685,Koratagere,17
1686,Kotekara,17
1687,Kothnur,17
1688,Kotturu,17
1689,Krishnapura,17
1690,Krishnarajanagar,17
1691,Krishnarajapura,17
1692,Krishnarajasagara,17
1693,Krishnarajpet,17
1694,Kudchi,17
1695,Kudligi,17
1696,Kudremukh,17
1697,Kumsi,17
1698,Kumta,17
1699,Kundapura,17
1700,Kundgol,17
1701,Kunigal,17
1702,Kurgunta,17
1703,Kushalnagar,17
1704,Kushtagi,17
1705,Kyathanahalli,17
1706,Lakshmeshwar,17
1707,Lingsugur,17
1708,Londa,17
1709,Maddur,17
1710,Madhugiri,17
1711,Madikeri,17
1712,Magadi,17
1713,Magod Falls,17
1714,Mahadeswara Hills,17
1715,Mahadevapura,17
1716,Mahalingpur,17
1717,Maisuru,17
1718,Maisuru Cantonment,17
1719,Malavalli,17
1720,Mallar,17
1721,Malpe,17
1722,Malur,17
1723,Manchenahalli,17
1724,Mandya,17
1725,Mangalore,17
1726,Mangaluru,17
1727,Manipal,17
1728,Manvi,17
1729,Maski,17
1730,Mastikatte Colony,17
1731,Mayakonda,17
1732,Melukote,17
1733,Molakalmuru,17
1734,Mudalgi,17
1735,Mudbidri,17
1736,Muddebihal,17
1737,Mudgal,17
1738,Mudhol,17
1739,Mudigere,17
1740,Mudushedde,17
1741,Mulbagal,17
1742,Mulgund,17
1743,Mulki,17
1744,Mulur,17
1745,Mundargi,17
1746,Mundgod,17
1747,Munirabad,17
1748,Munnur,17
1749,Murudeshwara,17
1750,Mysore,17
1751,Nagamangala,17
1752,Nanjangud,17
1753,Naragund,17
1754,Narasimharajapura,17
1755,Naravi,17
1756,Narayanpur,17
1757,Naregal,17
1758,Navalgund,17
1759,Nelmangala,17
1760,Nipani,17
1761,Nitte,17
1762,Nyamati,17
1763,Padu,17
1764,Pandavapura,17
1765,Pattanagere,17
1766,Pavagada,17
1767,Piriyapatna,17
1768,Ponnampet,17
1769,Puttur,17
1770,Rabkavi,17
1771,Raichur,17
1772,Ramanagaram,17
1773,Ramdurg,17
1774,Ranibennur,17
1775,Raybag,17
1776,Robertsonpet,17
1777,Ron,17
1778,Sadalgi,17
1779,Sagar,17
1780,Sakleshpur,17
1781,Saligram,17
1782,Sandur,17
1783,Sanivarsante,17
1784,Sankeshwar,17
1785,Sargur,17
1786,Sathyamangala,17
1787,Saundatti Yellamma,17
1788,Savanur,17
1789,Sedam,17
1790,Shahabad,17
1791,Shahabad A.C.C.,17
1792,Shahapur,17
1793,Shahpur,17
1794,Shaktinagar,17
1795,Shiggaon,17
1796,Shikarpur,17
1797,Shimoga,17
1798,Shirhatti,17
1799,Shorapur,17
1800,Shravanabelagola,17
1801,Shrirangapattana,17
1802,Siddapur,17
1803,Sidlaghatta,17
1804,Sindgi,17
1805,Sindhnur,17
1806,Sira,17
1807,Sirakoppa,17
1808,Sirsi,17
1809,Siruguppa,17
1810,Someshwar,17
1811,Somvarpet,17
1812,Sorab,17
1813,Sringeri,17
1814,Srinivaspur,17
1815,Sulya,17
1816,Suntikopa,17
1817,Talikota,17
1818,Tarikera,17
1819,Tekkalakota,17
1820,Terdal,17
1821,Thokur,17
1822,Thumbe,17
1823,Tiptur,17
1824,Tirthahalli,17
1825,Tirumakudal Narsipur,17
1826,Tonse,17
1827,Tumkur,17
1828,Turuvekere,17
1829,Udupi,17
1830,Ullal,17
1831,Uttarahalli,17
1832,Venkatapura,17
1833,Vijayapura,17
1834,Virarajendrapet,17
1835,Wadi,17
1836,Wadi A.C.C.,17
1837,Yadgir,17
1838,Yelahanka,17
1839,Yelandur,17
1840,Yelbarga,17
1841,Yellapur,17
1842,Yenagudde,17
1843,Adimaly,18
1844,Adoor,18
1845,Adur,18
1846,Akathiyur,18
1847,Alangad,18
1848,Alappuzha,18
1849,Aluva,18
1850,Ancharakandy,18
1851,Angamaly,18
1852,Aroor,18
1853,Arukutti,18
1854,Attingal,18
1855,Avinissery,18
1856,Azhikode North,18
1857,Azhikode South,18
1858,Azhiyur,18
1859,Balussery,18
1860,Bangramanjeshwar,18
1861,Beypur,18
1862,Brahmakulam,18
1863,Chala,18
1864,Chalakudi,18
1865,Changanacheri,18
1866,Chauwara,18
1867,Chavakkad,18
1868,Chelakkara,18
1869,Chelora,18
1870,Chendamangalam,18
1871,Chengamanad,18
1872,Chengannur,18
1873,Cheranallur,18
1874,Cheriyakadavu,18
1875,Cherthala,18
1876,Cherukunnu,18
1877,Cheruthazham,18
1878,Cheruvannur,18
1879,Cheruvattur,18
1880,Chevvur,18
1881,Chirakkal,18
1882,Chittur,18
1883,Chockli,18
1884,Churnikkara,18
1885,Dharmadam,18
1886,Edappal,18
1887,Edathala,18
1888,Elayavur,18
1889,Elur,18
1890,Eranholi,18
1891,Erattupetta,18
1892,Ernakulam,18
1893,Eruvatti,18
1894,Ettumanoor,18
1895,Feroke,18
1896,Guruvayur,18
1897,Haripad,18
1898,Hosabettu,18
1899,Idukki,18
1900,Iringaprom,18
1901,Irinjalakuda,18
1902,Iriveri,18
1903,Kadachira,18
1904,Kadalundi,18
1905,Kadamakkudy,18
1906,Kadirur,18
1907,Kadungallur,18
1908,Kakkodi,18
1909,Kalady,18
1910,Kalamassery,18
1911,Kalliasseri,18
1912,Kalpetta,18
1913,Kanhangad,18
1914,Kanhirode,18
1915,Kanjikkuzhi,18
1916,Kanjikode,18
1917,Kanjirappalli,18
1918,Kannadiparamba,18
1919,Kannangad,18
1920,Kannapuram,18
1921,Kannur,18
1922,Kannur Cantonment,18
1923,Karunagappally,18
1924,Karuvamyhuruthy,18
1925,Kasaragod,18
1926,Kasargod,18
1927,Kattappana,18
1928,Kayamkulam,18
1929,Kedamangalam,18
1930,Kochi,18
1931,Kodamthuruthu,18
1932,Kodungallur,18
1933,Koduvally,18
1934,Koduvayur,18
1935,Kokkothamangalam,18
1936,Kolazhy,18
1937,Kollam,18
1938,Komalapuram,18
1939,Koothattukulam,18
1940,Koratty,18
1941,Kothamangalam,18
1942,Kottarakkara,18
1943,Kottayam,18
1944,Kottayam Malabar,18
1945,Kottuvally,18
1946,Koyilandi,18
1947,Kozhikode,18
1948,Kudappanakunnu,18
1949,Kudlu,18
1950,Kumarakom,18
1951,Kumily,18
1952,Kunnamangalam,18
1953,Kunnamkulam,18
1954,Kurikkad,18
1955,Kurkkanchery,18
1956,Kuthuparamba,18
1957,Kuttakulam,18
1958,Kuttikkattur,18
1959,Kuttur,18
1960,Malappuram,18
1961,Mallappally,18
1962,Manjeri,18
1963,Manjeshwar,18
1964,Mannancherry,18
1965,Mannar,18
1966,Mannarakkat,18
1967,Maradu,18
1968,Marathakkara,18
1969,Marutharod,18
1970,Mattannur,18
1971,Mavelikara,18
1972,Mavilayi,18
1973,Mavur,18
1974,Methala,18
1975,Muhamma,18
1976,Mulavukad,18
1977,Mundakayam,18
1978,Munderi,18
1979,Munnar,18
1980,Muthakunnam,18
1981,Muvattupuzha,18
1982,Muzhappilangad,18
1983,Nadapuram,18
1984,Nadathara,18
1985,Narath,18
1986,Nattakam,18
1987,Nedumangad,18
1988,Nenmenikkara,18
1989,New Mahe,18
1990,Neyyattinkara,18
1991,Nileshwar,18
1992,Olavanna,18
1993,Ottapalam,18
1994,Ottappalam,18
1995,Paduvilayi,18
1996,Palai,18
1997,Palakkad,18
1998,Palayad,18
1999,Palissery,18
2000,Pallikkunnu,18
2001,Paluvai,18
2002,Panniyannur,18
2003,Pantalam,18
2004,Panthiramkavu,18
2005,Panur,18
2006,Pappinisseri,18
2007,Parassala,18
2008,Paravur,18
2009,Pathanamthitta,18
2010,Pathanapuram,18
2011,Pathiriyad,18
2012,Pattambi,18
2013,Pattiom,18
2014,Pavaratty,18
2015,Payyannur,18
2016,Peermade,18
2017,Perakam,18
2018,Peralasseri,18
2019,Peringathur,18
2020,Perinthalmanna,18
2021,Perole,18
2022,Perumanna,18
2023,Perumbaikadu,18
2024,Perumbavoor,18
2025,Pinarayi,18
2026,Piravam,18
2027,Ponnani,18
2028,Pottore,18
2029,Pudukad,18
2030,Punalur,18
2031,Puranattukara,18
2032,Puthunagaram,18
2033,Puthuppariyaram,18
2034,Puzhathi,18
2035,Ramanattukara,18
2036,Shoranur,18
2037,Sultans Battery,18
2038,Sulthan Bathery,18
2039,Talipparamba,18
2040,Thaikkad,18
2041,Thalassery,18
2042,Thannirmukkam,18
2043,Theyyalingal,18
2044,Thiruvalla,18
2045,Thiruvananthapuram,18
2046,Thiruvankulam,18
2047,Thodupuzha,18
2048,Thottada,18
2049,Thrippunithura,18
2050,Thrissur,18
2051,Tirur,18
2052,Udma,18
2053,Vadakara,18
2054,Vaikam,18
2055,Valapattam,18
2056,Vallachira,18
2057,Varam,18
2058,Varappuzha,18
2059,Varkala,18
2060,Vayalar,18
2061,Vazhakkala,18
2062,Venmanad,18
2063,Villiappally,18
2064,Wayanad,18
2065,Agethi,19
2066,Amini,19
2067,Androth Island,19
2068,Kavaratti,19
2069,Minicoy,19
2070,Agar,20
2071,Ajaigarh,20
2072,Akoda,20
2073,Akodia,20
2074,Alampur,20
2075,Alirajpur,20
2076,Alot,20
2077,Amanganj,20
2078,Amarkantak,20
2079,Amarpatan,20
2080,Amarwara,20
2081,Ambada,20
2082,Ambah,20
2083,Amla,20
2084,Amlai,20
2085,Anjad,20
2086,Antri,20
2087,Anuppur,20
2088,Aron,20
2089,Ashoknagar,20
2090,Ashta,20
2091,Babai,20
2092,Bada Malhera,20
2093,Badagaon,20
2094,Badagoan,20
2095,Badarwas,20
2096,Badawada,20
2097,Badi,20
2098,Badkuhi,20
2099,Badnagar,20
2100,Badnawar,20
2101,Badod,20
2102,Badoda,20
2103,Badra,20
2104,Bagh,20
2105,Bagli,20
2106,Baihar,20
2107,Baikunthpur,20
2108,Bakswaha,20
2109,Balaghat,20
2110,Baldeogarh,20
2111,Bamaniya,20
2112,Bamhani,20
2113,Bamor,20
2114,Bamora,20
2115,Banda,20
2116,Bangawan,20
2117,Bansatar Kheda,20
2118,Baraily,20
2119,Barela,20
2120,Barghat,20
2121,Bargi,20
2122,Barhi,20
2123,Barigarh,20
2124,Barwaha,20
2125,Barwani,20
2126,Basoda,20
2127,Begamganj,20
2128,Beohari,20
2129,Berasia,20
2130,Betma,20
2131,Betul,20
2132,Betul Bazar,20
2133,Bhainsdehi,20
2134,Bhamodi,20
2135,Bhander,20
2136,Bhanpura,20
2137,Bharveli,20
2138,Bhaurasa,20
2139,Bhavra,20
2140,Bhedaghat,20
2141,Bhikangaon,20
2142,Bhilakhedi,20
2143,Bhind,20
2144,Bhitarwar,20
2145,Bhopal,20
2146,Bhuibandh,20
2147,Biaora,20
2148,Bijawar,20
2149,Bijeypur,20
2150,Bijrauni,20
2151,Bijuri,20
2152,Bilaua,20
2153,Bilpura,20
2154,Bina Railway Colony,20
2155,Bina-Etawa,20
2156,Birsinghpur,20
2157,Boda,20
2158,Budhni,20
2159,Burhanpur,20
2160,Burhar,20
2161,Chachaura Binaganj,20
2162,Chakghat,20
2163,Chandameta Butar,20
2164,Chanderi,20
2165,Chandia,20
2166,Chandla,20
2167,Chaurai Khas,20
2168,Chhatarpur,20
2169,Chhindwara,20
2170,Chhota Chhindwara,20
2171,Chichli,20
2172,Chitrakut,20
2173,Churhat,20
2174,Daboh,20
2175,Dabra,20
2176,Damoh,20
2177,Damua,20
2178,Datia,20
2179,Deodara,20
2180,Deori,20
2181,Deori Khas,20
2182,Depalpur,20
2183,Devendranagar,20
2184,Devhara,20
2185,Dewas,20
2186,Dhamnod,20
2187,Dhana,20
2188,Dhanpuri,20
2189,Dhar,20
2190,Dharampuri,20
2191,Dighawani,20
2192,Diken,20
2193,Dindori,20
2194,Dola,20
2195,Dumar Kachhar,20
2196,Dungariya Chhapara,20
2197,Gadarwara,20
2198,Gairatganj,20
2199,Gandhi Sagar Hydel Colony,20
2200,Ganjbasoda,20
2201,Garhakota,20
2202,Garhi Malhara,20
2203,Garoth,20
2204,Gautapura,20
2205,Ghansor,20
2206,Ghuwara,20
2207,Gogaon,20
2208,Gogapur,20
2209,Gohad,20
2210,Gormi,20
2211,Govindgarh,20
2212,Guna,20
2213,Gurh,20
2214,Gwalior,20
2215,Hanumana,20
2216,Harda,20
2217,Harpalpur,20
2218,Harrai,20
2219,Harsud,20
2220,Hatod,20
2221,Hatpipalya,20
2222,Hatta,20
2223,Hindoria,20
2224,Hirapur,20
2225,Hoshangabad,20
2226,Ichhawar,20
2227,Iklehra,20
2228,Indergarh,20
2229,Indore,20
2230,Isagarh,20
2231,Itarsi,20
2232,Jabalpur,20
2233,Jabalpur Cantonment,20
2234,Jabalpur G.C.F,20
2235,Jaisinghnagar,20
2236,Jaithari,20
2237,Jaitwara,20
2238,Jamai,20
2239,Jaora,20
2240,Jatachhapar,20
2241,Jatara,20
2242,Jawad,20
2243,Jawar,20
2244,Jeronkhalsa,20
2245,Jhabua,20
2246,Jhundpura,20
2247,Jiran,20
2248,Jirapur,20
2249,Jobat,20
2250,Joura,20
2251,Kailaras,20
2252,Kaimur,20
2253,Kakarhati,20
2254,Kalichhapar,20
2255,Kanad,20
2256,Kannod,20
2257,Kantaphod,20
2258,Kareli,20
2259,Karera,20
2260,Kari,20
2261,Karnawad,20
2262,Karrapur,20
2263,Kasrawad,20
2264,Katangi,20
2265,Katni,20
2266,Kelhauri,20
2267,Khachrod,20
2268,Khajuraho,20
2269,Khamaria,20
2270,Khand,20
2271,Khandwa,20
2272,Khaniyadhana,20
2273,Khargapur,20
2274,Khargone,20
2275,Khategaon,20
2276,Khetia,20
2277,Khilchipur,20
2278,Khirkiya,20
2279,Khujner,20
2280,Khurai,20
2281,Kolaras,20
2282,Kotar,20
2283,Kothi,20
2284,Kotma,20
2285,Kukshi,20
2286,Kumbhraj,20
2287,Kurwai,20
2288,Lahar,20
2289,Lakhnadon,20
2290,Lateri,20
2291,Laundi,20
2292,Lidhora Khas,20
2293,Lodhikheda,20
2294,Loharda,20
2295,Machalpur,20
2296,Madhogarh,20
2297,Maharajpur,20
2298,Maheshwar,20
2299,Mahidpur,20
2300,Maihar,20
2301,Majholi,20
2302,Makronia,20
2303,Maksi,20
2304,Malaj Khand,20
2305,Malanpur,20
2306,Malhargarh,20
2307,Manasa,20
2308,Manawar,20
2309,Mandav,20
2310,Mandideep,20
2311,Mandla,20
2312,Mandleshwar,20
2313,Mandsaur,20
2314,Manegaon,20
2315,Mangawan,20
2316,Manglaya Sadak,20
2317,Manpur,20
2318,Mau,20
2319,Mauganj,20
2320,Meghnagar,20
2321,Mehara Gaon,20
2322,Mehgaon,20
2323,Mhaugaon,20
2324,Mhow,20
2325,Mihona,20
2326,Mohgaon,20
2327,Morar,20
2328,Morena,20
2329,Morwa,20
2330,Multai,20
2331,Mundi,20
2332,Mungaoli,20
2333,Murwara,20
2334,Nagda,20
2335,Nagod,20
2336,Nagri,20
2337,Naigarhi,20
2338,Nainpur,20
2339,Nalkheda,20
2340,Namli,20
2341,Narayangarh,20
2342,Narsimhapur,20
2343,Narsingarh,20
2344,Narsinghpur,20
2345,Narwar,20
2346,Nasrullaganj,20
2347,Naudhia,20
2348,Naugaon,20
2349,Naurozabad,20
2350,Neemuch,20
2351,Nepa Nagar,20
2352,Neuton Chikhli Kalan,20
2353,Nimach,20
2354,Niwari,20
2355,Obedullaganj,20
2356,Omkareshwar,20
2357,Orachha,20
2358,Ordinance Factory Itarsi,20
2359,Pachmarhi,20
2360,Pachmarhi Cantonment,20
2361,Pachore,20
2362,Palchorai,20
2363,Palda,20
2364,Palera,20
2365,Pali,20
2366,Panagar,20
2367,Panara,20
2368,Pandaria,20
2369,Pandhana,20
2370,Pandhurna,20
2371,Panna,20
2372,Pansemal,20
2373,Parasia,20
2374,Pasan,20
2375,Patan,20
2376,Patharia,20
2377,Pawai,20
2378,Petlawad,20
2379,Phuph Kalan,20
2380,Pichhore,20
2381,Pipariya,20
2382,Pipliya Mandi,20
2383,Piploda,20
2384,Pithampur,20
2385,Polay Kalan,20
2386,Porsa,20
2387,Prithvipur,20
2388,Raghogarh,20
2389,Rahatgarh,20
2390,Raisen,20
2391,Rajakhedi,20
2392,Rajgarh,20
2393,Rajnagar,20
2394,Rajpur,20
2395,Rampur Baghelan,20
2396,Rampur Naikin,20
2397,Rampura,20
2398,Ranapur,20
2399,Ranipura,20
2400,Ratangarh,20
2401,Ratlam,20
2402,Ratlam Kasba,20
2403,Rau,20
2404,Rehli,20
2405,Rehti,20
2406,Rewa,20
2407,Sabalgarh,20
2408,Sagar,20
2409,Sagar Cantonment,20
2410,Sailana,20
2411,Sanawad,20
2412,Sanchi,20
2413,Sanwer,20
2414,Sarangpur,20
2415,Sardarpur,20
2416,Sarni,20
2417,Satai,20
2418,Satna,20
2419,Satwas,20
2420,Sausar,20
2421,Sehore,20
2422,Semaria,20
2423,Sendhwa,20
2424,Seondha,20
2425,Seoni,20
2426,Seoni Malwa,20
2427,Sethia,20
2428,Shahdol,20
2429,Shahgarh,20
2430,Shahpur,20
2431,Shahpura,20
2432,Shajapur,20
2433,Shamgarh,20
2434,Sheopur,20
2435,Shivpuri,20
2436,Shujalpur,20
2437,Sidhi,20
2438,Sihora,20
2439,Singolo,20
2440,Singrauli,20
2441,Sinhasa,20
2442,Sirgora,20
2443,Sirmaur,20
2444,Sironj,20
2445,Sitamau,20
2446,Sohagpur,20
2447,Sonkatch,20
2448,Soyatkalan,20
2449,Suhagi,20
2450,Sultanpur,20
2451,Susner,20
2452,Suthaliya,20
2453,Tal,20
2454,Talen,20
2455,Tarana,20
2456,Taricharkalan,20
2457,Tekanpur,20
2458,Tendukheda,20
2459,Teonthar,20
2460,Thandia,20
2461,Tikamgarh,20
2462,Timarni,20
2463,Tirodi,20
2464,Udaipura,20
2465,Ujjain,20
2466,Ukwa,20
2467,Umaria,20
2468,Unchahara,20
2469,Unhel,20
2470,Vehicle Factory Jabalpur,20
2471,Vidisha,20
2472,Vijayraghavgarh,20
2473,Waraseoni,20
2474,Achalpur,21
2475,Aheri,21
2476,Ahmadnagar Cantonment,21
2477,Ahmadpur,21
2478,Ahmednagar,21
2479,Ajra,21
2480,Akalkot,21
2481,Akkalkuwa,21
2482,Akola,21
2483,Akot,21
2484,Alandi,21
2485,Alibag,21
2486,Allapalli,21
2487,Alore,21
2488,Amalner,21
2489,Ambad,21
2490,Ambajogai,21
2491,Ambernath,21
2492,Ambivali Tarf Wankhal,21
2493,Amgaon,21
2494,Amravati,21
2495,Anjangaon,21
2496,Arvi,21
2497,Ashta,21
2498,Ashti,21
2499,Aurangabad,21
2500,Aurangabad Cantonment,21
2501,Ausa,21
2502,Babhulgaon,21
2503,Badlapur,21
2504,Balapur,21
2505,Ballarpur,21
2506,Baramati,21
2507,Barshi,21
2508,Basmat,21
2509,Beed,21
2510,Bhadravati,21
2511,Bhagur,21
2512,Bhandara,21
2513,Bhigvan,21
2514,Bhingar,21
2515,Bhiwandi,21
2516,Bhokhardan,21
2517,Bhor,21
2518,Bhosari,21
2519,Bhum,21
2520,Bhusawal,21
2521,Bid,21
2522,Biloli,21
2523,Birwadi,21
2524,Boisar,21
2525,Bop Khel,21
2526,Brahmapuri,21
2527,Budhgaon,21
2528,Buldana,21
2529,Buldhana,21
2530,Butibori,21
2531,Chakan,21
2532,Chalisgaon,21
2533,Chandrapur,21
2534,Chandur,21
2535,Chandur Bazar,21
2536,Chandvad,21
2537,Chicholi,21
2538,Chikhala,21
2539,Chikhaldara,21
2540,Chikhli,21
2541,Chinchani,21
2542,Chinchwad,21
2543,Chiplun,21
2544,Chopda,21
2545,Dabhol,21
2546,Dahance,21
2547,Dahanu,21
2548,Daharu,21
2549,Dapoli Camp,21
2550,Darwa,21
2551,Daryapur,21
2552,Dattapur,21
2553,Daund,21
2554,Davlameti,21
2555,Deglur,21
2556,Dehu Road,21
2557,Deolali,21
2558,Deolali Pravara,21
2559,Deoli,21
2560,Desaiganj,21
2561,Deulgaon Raja,21
2562,Dewhadi,21
2563,Dharangaon,21
2564,Dharmabad,21
2565,Dharur,21
2566,Dhatau,21
2567,Dhule,21
2568,Digdoh,21
2569,Diglur,21
2570,Digras,21
2571,Dombivli,21
2572,Dondaicha,21
2573,Dudhani,21
2574,Durgapur,21
2575,Dyane,21
2576,Edandol,21
2577,Eklahare,21
2578,Faizpur,21
2579,Fekari,21
2580,Gadchiroli,21
2581,Gadhinghaj,21
2582,Gandhi Nagar,21
2583,Ganeshpur,21
2584,Gangakher,21
2585,Gangapur,21
2586,Gevrai,21
2587,Ghatanji,21
2588,Ghoti,21
2589,Ghugus,21
2590,Ghulewadi,21
2591,Godoli,21
2592,Gondia,21
2593,Guhagar,21
2594,Hadgaon,21
2595,Harnai Beach,21
2596,Hinganghat,21
2597,Hingoli,21
2598,Hupari,21
2599,Ichalkaranji,21
2600,Igatpuri,21
2601,Indapur,21
2602,Jaisinghpur,21
2603,Jalgaon,21
2604,Jalna,21
2605,Jamkhed,21
2606,Jawhar,21
2607,Jaysingpur,21
2608,Jejuri,21
2609,Jintur,21
2610,Junnar,21
2611,Kabnur,21
2612,Kagal,21
2613,Kalamb,21
2614,Kalamnuri,21
2615,Kalas,21
2616,Kalmeshwar,21
2617,Kalundre,21
2618,Kalyan,21
2619,Kamthi,21
2620,Kamthi Cantonment,21
2621,Kandari,21
2622,Kandhar,21
2623,Kandri,21
2624,Kandri II,21
2625,Kanhan,21
2626,Kankavli,21
2627,Kannad,21
2628,Karad,21
2629,Karanja,21
2630,Karanje Tarf,21
2631,Karivali,21
2632,Karjat,21
2633,Karmala,21
2634,Kasara Budruk,21
2635,Katai,21
2636,Katkar,21
2637,Katol,21
2638,Kegaon,21
2639,Khadkale,21
2640,Khadki,21
2641,Khamgaon,21
2642,Khapa,21
2643,Kharadi,21
2644,Kharakvasla,21
2645,Khed,21
2646,Kherdi,21
2647,Khoni,21
2648,Khopoli,21
2649,Khuldabad,21
2650,Kinwat,21
2651,Kodoli,21
2652,Kolhapur,21
2653,Kon,21
2654,Kondumal,21
2655,Kopargaon,21
2656,Kopharad,21
2657,Koradi,21
2658,Koregaon,21
2659,Korochi,21
2660,Kudal,21
2661,Kundaim,21
2662,Kundalwadi,21
2663,Kurandvad,21
2664,Kurduvadi,21
2665,Kusgaon Budruk,21
2666,Lanja,21
2667,Lasalgaon,21
2668,Latur,21
2669,Loha,21
2670,Lohegaon,21
2671,Lonar,21
2672,Lonavala,21
2673,Madhavnagar,21
2674,Mahabaleshwar,21
2675,Mahad,21
2676,Mahadula,21
2677,Maindargi,21
2678,Majalgaon,21
2679,Malegaon,21
2680,Malgaon,21
2681,Malkapur,21
2682,Malwan,21
2683,Manadur,21
2684,Manchar,21
2685,Mangalvedhe,21
2686,Mangrul Pir,21
2687,Manmad,21
2688,Manor,21
2689,Mansar,21
2690,Manwath,21
2691,Mapuca,21
2692,Matheran,21
2693,Mehkar,21
2694,Mhasla,21
2695,Mhaswad,21
2696,Mira Bhayandar,21
2697,Miraj,21
2698,Mohpa,21
2699,Mohpada,21
2700,Moram,21
2701,Morshi,21
2702,Mowad,21
2703,Mudkhed,21
2704,Mukhed,21
2705,Mul,21
2706,Mulshi,21
2707,Mumbai,21
2708,Murbad,21
2709,Murgud,21
2710,Murtijapur,21
2711,Murud,21
2712,Nachane,21
2713,Nagardeole,21
2714,Nagothane,21
2715,Nagpur,21
2716,Nakoda,21
2717,Nalasopara,21
2718,Naldurg,21
2719,Nanded,21
2720,Nandgaon,21
2721,Nandura,21
2722,Nandurbar,21
2723,Narkhed,21
2724,Nashik,21
2725,Navapur,21
2726,Navi Mumbai,21
2727,Navi Mumbai Panvel,21
2728,Neral,21
2729,Nigdi,21
2730,Nilanga,21
2731,Nildoh,21
2732,Nimbhore,21
2733,Ojhar,21
2734,Osmanabad,21
2735,Pachgaon,21
2736,Pachora,21
2737,Padagha,21
2738,Paithan,21
2739,Palghar,21
2740,Pali,21
2741,Panchgani,21
2742,Pandhakarwada,21
2743,Pandharpur,21
2744,Panhala,21
2745,Panvel,21
2746,Paranda,21
2747,Parbhani,21
2748,Parli,21
2749,Parola,21
2750,Partur,21
2751,Pasthal,21
2752,Patan,21
2753,Pathardi,21
2754,Pathri,21
2755,Patur,21
2756,Pawni,21
2757,Pen,21
2758,Pethumri,21
2759,Phaltan,21
2760,Pimpri,21
2761,Poladpur,21
2762,Pulgaon,21
2763,Pune,21
2764,Pune Cantonment,21
2765,Purna,21
2766,Purushottamnagar,21
2767,Pusad,21
2768,Rahimatpur,21
2769,Rahta Pimplas,21
2770,Rahuri,21
2771,Raigad,21
2772,Rajapur,21
2773,Rajgurunagar,21
2774,Rajur,21
2775,Rajura,21
2776,Ramtek,21
2777,Ratnagiri,21
2778,Ravalgaon,21
2779,Raver,21
2780,Revadanda,21
2781,Risod,21
2782,Roha Ashtami,21
2783,Sakri,21
2784,Sandor,21
2785,Sangamner,21
2786,Sangli,21
2787,Sangole,21
2788,Sasti,21
2789,Sasvad,21
2790,Satana,21
2791,Satara,21
2792,Savantvadi,21
2793,Savda,21
2794,Savner,21
2795,Sawari Jawharnagar,21
2796,Selu,21
2797,Shahada,21
2798,Shahapur,21
2799,Shegaon,21
2800,Shelar,21
2801,Shendurjana,21
2802,Shirdi,21
2803,Shirgaon,21
2804,Shirpur,21
2805,Shirur,21
2806,Shirwal,21
2807,Shivatkar,21
2808,Shrigonda,21
2809,Shrirampur,21
2810,Shrirampur Rural,21
2811,Sillewada,21
2812,Sillod,21
2813,Sindhudurg,21
2814,Sindi,21
2815,Sindi Turf Hindnagar,21
2816,Sindkhed Raja,21
2817,Singnapur,21
2818,Sinnar,21
2819,Sirur,21
2820,Sitasawangi,21
2821,Solapur,21
2822,Sonai,21
2823,Sonegaon,21
2824,Soyagaon,21
2825,Srivardhan,21
2826,Surgana,21
2827,Talegaon Dabhade,21
2828,Taloda,21
2829,Taloja,21
2830,Talwade,21
2831,Tarapur,21
2832,Tasgaon,21
2833,Tathavade,21
2834,Tekadi,21
2835,Telhara,21
2836,Thane,21
2837,Tirira,21
2838,Totaladoh,21
2839,Trimbak,21
2840,Tuljapur,21
2841,Tumsar,21
2842,Uchgaon,21
2843,Udgir,21
2844,Ulhasnagar,21
2845,Umarga,21
2846,Umarkhed,21
2847,Umarsara,21
2848,Umbar Pada Nandade,21
2849,Umred,21
2850,Umri Pragane Balapur,21
2851,Uran,21
2852,Uran Islampur,21
2853,Utekhol,21
2854,Vada,21
2855,Vadgaon,21
2856,Vadgaon Kasba,21
2857,Vaijapur,21
2858,Vanvadi,21
2859,Varangaon,21
2860,Vasai,21
2861,Vasantnagar,21
2862,Vashind,21
2863,Vengurla,21
2864,Virar,21
2865,Visapur,21
2866,Vite,21
2867,Vithalwadi,21
2868,Wadi,21
2869,Waghapur,21
2870,Wai,21
2871,Wajegaon,21
2872,Walani,21
2873,Wanadongri,21
2874,Wani,21
2875,Wardha,21
2876,Warora,21
2877,Warthi,21
2878,Warud,21
2879,Washim,21
2880,Yaval,21
2881,Yavatmal,21
2882,Yeola,21
2883,Yerkheda,21
2884,Andro,22
2885,Bijoy Govinda,22
2886,Bishnupur,22
2887,Churachandpur,22
2888,Heriok,22
2889,Imphal,22
2890,Jiribam,22
2891,Kakching,22
2892,Kakching Khunou,22
2893,Khongman,22
2894,Kumbi,22
2895,Kwakta,22
2896,Lamai,22
2897,Lamjaotongba,22
2898,Lamshang,22
2899,Lilong,22
2900,Mayang Imphal,22
2901,Moirang,22
2902,Moreh,22
2903,Nambol,22
2904,Naoriya Pakhanglakpa,22
2905,Ningthoukhong,22
2906,Oinam,22
2907,Porompat,22
2908,Samurou,22
2909,Sekmai Bazar,22
2910,Senapati,22
2911,Sikhong Sekmai,22
2912,Sugnu,22
2913,Thongkhong Laxmi Bazar,22
2914,Thoubal,22
2915,Torban,22
2916,Wangjing,22
2917,Wangoi,22
2918,Yairipok,22
2919,Baghmara,23
2920,Cherrapunji,23
2921,Jawai,23
2922,Madanrting,23
2923,Mairang,23
2924,Mawlai,23
2925,Nongmynsong,23
2926,Nongpoh,23
2927,Nongstoin,23
2928,Nongthymmai,23
2929,Pynthorumkhrah,23
2930,Resubelpara,23
2931,Shillong,23
2932,Shillong Cantonment,23
2933,Tura,23
2934,Williamnagar,23
2935,Aizawl,24
2936,Bairabi,24
2937,Biate,24
2938,Champhai,24
2939,Darlawn,24
2940,Hnahthial,24
2941,Kawnpui,24
2942,Khawhai,24
2943,Khawzawl,24
2944,Kolasib,24
2945,Lengpui,24
2946,Lunglei,24
2947,Mamit,24
2948,North Vanlaiphai,24
2949,Saiha,24
2950,Sairang,24
2951,Saitul,24
2952,Serchhip,24
2953,Thenzawl,24
2954,Tlabung,24
2955,Vairengte,24
2956,Zawlnuam,24
2957,Chumukedima,25
2958,Dimapur,25
2959,Kohima,25
2960,Mokokchung,25
2961,Mon,25
2962,Phek,25
2963,Tuensang,25
2964,Wokha,25
2965,Zunheboto,25
2966,Anandapur,26
2967,Angul,26
2968,Aska,26
2969,Athgarh,26
2970,Athmallik,26
2971,Balagoda,26
2972,Balangir,26
2973,Balasore,26
2974,Baleshwar,26
2975,Balimeta,26
2976,Balugaon,26
2977,Banapur,26
2978,Bangura,26
2979,Banki,26
2980,Banposh,26
2981,Barbil,26
2982,Bargarh,26
2983,Baripada,26
2984,Barpali,26
2985,Basudebpur,26
2986,Baudh,26
2987,Belagachhia,26
2988,Belaguntha,26
2989,Belpahar,26
2990,Berhampur,26
2991,Bhadrak,26
2992,Bhanjanagar,26
2993,Bhawanipatna,26
2994,Bhuban,26
2995,Bhubaneswar,26
2996,Binika,26
2997,Birmitrapur,26
2998,Bishama Katek,26
2999,Bolangir,26
3000,Brahmapur,26
3001,Brajrajnagar,26
3002,Buguda,26
3003,Burla,26
3004,Byasanagar,26
3005,Champua,26
3006,Chandapur,26
3007,Chandbali,26
3008,Chandili,26
3009,Charibatia,26
3010,Chatrapur,26
3011,Chikitigarh,26
3012,Chitrakonda,26
3013,Choudwar,26
3014,Cuttack,26
3015,Dadhapatna,26
3016,Daitari,26
3017,Damanjodi,26
3018,Deogarh,26
3019,Deracolliery,26
3020,Dhamanagar,26
3021,Dhenkanal,26
3022,Digapahandi,26
3023,Dungamal,26
3024,Fertilizer Corporation of Indi,26
3025,Ganjam,26
3026,Ghantapada,26
3027,Gopalpur,26
3028,Gudari,26
3029,Gunupur,26
3030,Hatibandha,26
3031,Hinjilikatu,26
3032,Hirakud,26
3033,Jagatsinghapur,26
3034,Jajpur,26
3035,Jalda,26
3036,Jaleswar,26
3037,Jatni,26
3038,Jaypur,26
3039,Jeypore,26
3040,Jharsuguda,26
3041,Jhumpura,26
3042,Joda,26
3043,Junagarh,26
3044,Kamakhyanagar,26
3045,Kantabanji,26
3046,Kantilo,26
3047,Karanja,26
3048,Kashinagara,26
3049,Kataka,26
3050,Kavisuryanagar,26
3051,Kendrapara,26
3052,Kendujhar,26
3053,Keonjhar,26
3054,Kesinga,26
3055,Khaliapali,26
3056,Khalikote,26
3057,Khandaparha,26
3058,Kharhial,26
3059,Kharhial Road,26
3060,Khatiguda,26
3061,Khurda,26
3062,Kochinda,26
3063,Kodala,26
3064,Konark,26
3065,Koraput,26
3066,Kotaparh,26
3067,Lanjigarh,26
3068,Lattikata,26
3069,Makundapur,26
3070,Malkangiri,26
3071,Mukhiguda,26
3072,Nabarangpur,26
3073,Nalco,26
3074,Naurangapur,26
3075,Nayagarh,26
3076,Nilagiri,26
3077,Nimaparha,26
3078,Nuapada,26
3079,Nuapatna,26
3080,OCL Industrialship,26
3081,Padampur,26
3082,Paradip,26
3083,Paradwip,26
3084,Parlakimidi,26
3085,Patamundai,26
3086,Patnagarh,26
3087,Phulabani,26
3088,Pipili,26
3089,Polasara,26
3090,Pratapsasan,26
3091,Puri,26
3092,Purushottampur,26
3093,Rairangpur,26
3094,Raj Gangpur,26
3095,Rambha,26
3096,Raurkela,26
3097,Raurkela Civil Township,26
3098,Rayagada,26
3099,Redhakhol,26
3100,Remuna,26
3101,Rengali,26
3102,Rourkela,26
3103,Sambalpur,26
3104,Sinapali,26
3105,Sonepur,26
3106,Sorada,26
3107,Soro,26
3108,Sunabeda,26
3109,Sundargarh,26
3110,Talcher,26
3111,Talcher Thermal Power Station,26
3112,Tarabha,26
3113,Tensa,26
3114,Titlagarh,26
3115,Udala,26
3116,Udayagiri,26
3117,Umarkot,26
3118,Vikrampur,26
3119,Ariankuppam,27
3120,Karaikal,27
3121,Kurumbapet,27
3122,Mahe,27
3123,Ozhukarai,27
3124,Pondicherry,27
3125,Villianur,27
3126,Yanam,27
3127,Abohar,28
3128,Adampur,28
3129,Ahmedgarh,28
3130,Ajnala,28
3131,Akalgarh,28
3132,Alawalpur,28
3133,Amloh,28
3134,Amritsar,28
3135,Amritsar Cantonment,28
3136,Anandpur Sahib,28
3137,Badhni Kalan,28
3138,Bagh Purana,28
3139,Balachaur,28
3140,Banaur,28
3141,Banga,28
3142,Banur,28
3143,Baretta,28
3144,Bariwala,28
3145,Barnala,28
3146,Bassi Pathana,28
3147,Batala,28
3148,Bathinda,28
3149,Begowal,28
3150,Behrampur,28
3151,Bhabat,28
3152,Bhadur,28
3153,Bhankharpur,28
3154,Bharoli Kalan,28
3155,Bhawanigarh,28
3156,Bhikhi,28
3157,Bhikhiwind,28
3158,Bhisiana,28
3159,Bhogpur,28
3160,Bhuch,28
3161,Bhulath,28
3162,Budha Theh,28
3163,Budhlada,28
3164,Chima,28
3165,Chohal,28
3166,Dasuya,28
3167,Daulatpur,28
3168,Dera Baba Nanak,28
3169,Dera Bassi,28
3170,Dhanaula,28
3171,Dharam Kot,28
3172,Dhariwal,28
3173,Dhilwan,28
3174,Dhuri,28
3175,Dinanagar,28
3176,Dirba,28
3177,Doraha,28
3178,Faridkot,28
3179,Fateh Nangal,28
3180,Fatehgarh Churian,28
3181,Fatehgarh Sahib,28
3182,Fazilka,28
3183,Firozpur,28
3184,Firozpur Cantonment,28
3185,Gardhiwala,28
3186,Garhshankar,28
3187,Ghagga,28
3188,Ghanaur,28
3189,Giddarbaha,28
3190,Gobindgarh,28
3191,Goniana,28
3192,Goraya,28
3193,Gurdaspur,28
3194,Guru Har Sahai,28
3195,Hajipur,28
3196,Handiaya,28
3197,Hariana,28
3198,Hoshiarpur,28
3199,Hussainpur,28
3200,Jagraon,28
3201,Jaitu,28
3202,Jalalabad,28
3203,Jalandhar,28
3204,Jalandhar Cantonment,28
3205,Jandiala,28
3206,Jugial,28
3207,Kalanaur,28
3208,Kapurthala,28
3209,Karoran,28
3210,Kartarpur,28
3211,Khamanon,28
3212,Khanauri,28
3213,Khanna,28
3214,Kharar,28
3215,Khem Karan,28
3216,Kot Fatta,28
3217,Kot Isa Khan,28
3218,Kot Kapura,28
3219,Kotkapura,28
3220,Kurali,28
3221,Lalru,28
3222,Lehra Gaga,28
3223,Lodhian Khas,28
3224,Longowal,28
3225,Ludhiana,28
3226,Machhiwara,28
3227,Mahilpur,28
3228,Majitha,28
3229,Makhu,28
3230,Malaut,28
3231,Malerkotla,28
3232,Maloud,28
3233,Mandi Gobindgarh,28
3234,Mansa,28
3235,Maur,28
3236,Moga,28
3237,Mohali,28
3238,Moonak,28
3239,Morinda,28
3240,Mukerian,28
3241,Muktsar,28
3242,Mullanpur Dakha,28
3243,Mullanpur Garibdas,28
3244,Munak,28
3245,Muradpura,28
3246,Nabha,28
3247,Nakodar,28
3248,Nangal,28
3249,Nawashahr,28
3250,Naya Nangal,28
3251,Nehon,28
3252,Nurmahal,28
3253,Pathankot,28
3254,Patiala,28
3255,Patti,28
3256,Pattran,28
3257,Payal,28
3258,Phagwara,28
3259,Phillaur,28
3260,Qadian,28
3261,Rahon,28
3262,Raikot,28
3263,Raja Sansi,28
3264,Rajpura,28
3265,Ram Das,28
3266,Raman,28
3267,Rampura,28
3268,Rayya,28
3269,Rupnagar,28
3270,Rurki Kasba,28
3271,Sahnewal,28
3272,Samana,28
3273,Samrala,28
3274,Sanaur,28
3275,Sangat,28
3276,Sangrur,28
3277,Sansarpur,28
3278,Sardulgarh,28
3279,Shahkot,28
3280,Sham Churasi,28
3281,Shekhpura,28
3282,Sirhind,28
3283,Sri Hargobindpur,28
3284,Sujanpur,28
3285,Sultanpur Lodhi,28
3286,Sunam,28
3287,Talwandi Bhai,28
3288,Talwara,28
3289,Tappa,28
3290,Tarn Taran,28
3291,Urmar Tanda,28
3292,Zira,28
3293,Zirakpur,28
3294,Abu Road,29
3295,Ajmer,29
3296,Aklera,29
3297,Alwar,29
3298,Amet,29
3299,Antah,29
3300,Anupgarh,29
3301,Asind,29
3302,Bagar,29
3303,Bagru,29
3304,Bahror,29
3305,Bakani,29
3306,Bali,29
3307,Balotra,29
3308,Bandikui,29
3309,Banswara,29
3310,Baran,29
3311,Bari,29
3312,Bari Sadri,29
3313,Barmer,29
3314,Basi,29
3315,Basni Belima,29
3316,Baswa,29
3317,Bayana,29
3318,Beawar,29
3319,Begun,29
3320,Bhadasar,29
3321,Bhadra,29
3322,Bhalariya,29
3323,Bharatpur,29
3324,Bhasawar,29
3325,Bhawani Mandi,29
3326,Bhawri,29
3327,Bhilwara,29
3328,Bhindar,29
3329,Bhinmal,29
3330,Bhiwadi,29
3331,Bijoliya Kalan,29
3332,Bikaner,29
3333,Bilara,29
3334,Bissau,29
3335,Borkhera,29
3336,Budhpura,29
3337,Bundi,29
3338,Chatsu,29
3339,Chechat,29
3340,Chhabra,29
3341,Chhapar,29
3342,Chhipa Barod,29
3343,Chhoti Sadri,29
3344,Chirawa,29
3345,Chittaurgarh,29
3346,Chittorgarh,29
3347,Chomun,29
3348,Churu,29
3349,Daosa,29
3350,Dariba,29
3351,Dausa,29
3352,Deoli,29
3353,Deshnok,29
3354,Devgarh,29
3355,Devli,29
3356,Dhariawad,29
3357,Dhaulpur,29
3358,Dholpur,29
3359,Didwana,29
3360,Dig,29
3361,Dungargarh,29
3362,Dungarpur,29
3363,Falna,29
3364,Fatehnagar,29
3365,Fatehpur,29
3366,Gajsinghpur,29
3367,Galiakot,29
3368,Ganganagar,29
3369,Gangapur,29
3370,Goredi Chancha,29
3371,Gothra,29
3372,Govindgarh,29
3373,Gulabpura,29
3374,Hanumangarh,29
3375,Hindaun,29
3376,Indragarh,29
3377,Jahazpur,29
3378,Jaipur,29
3379,Jaisalmer,29
3380,Jaiselmer,29
3381,Jaitaran,29
3382,Jalore,29
3383,Jhalawar,29
3384,Jhalrapatan,29
3385,Jhunjhunun,29
3386,Jobner,29
3387,Jodhpur,29
3388,Kaithun,29
3389,Kaman,29
3390,Kankroli,29
3391,Kanor,29
3392,Kapasan,29
3393,Kaprain,29
3394,Karanpura,29
3395,Karauli,29
3396,Kekri,29
3397,Keshorai Patan,29
3398,Kesrisinghpur,29
3399,Khairthal,29
3400,Khandela,29
3401,Khanpur,29
3402,Kherli,29
3403,Kherliganj,29
3404,Kherwara Chhaoni,29
3405,Khetri,29
3406,Kiranipura,29
3407,Kishangarh,29
3408,Kishangarh Ranwal,29
3409,Kolvi Rajendrapura,29
3410,Kot Putli,29
3411,Kota,29
3412,Kuchaman,29
3413,Kuchera,29
3414,Kumbhalgarh,29
3415,Kumbhkot,29
3416,Kumher,29
3417,Kushalgarh,29
3418,Lachhmangarh,29
3419,Ladnun,29
3420,Lakheri,29
3421,Lalsot,29
3422,Losal,29
3423,Madanganj,29
3424,Mahu Kalan,29
3425,Mahwa,29
3426,Makrana,29
3427,Malpura,29
3428,Mandal,29
3429,Mandalgarh,29
3430,Mandawar,29
3431,Mandwa,29
3432,Mangrol,29
3433,Manohar Thana,29
3434,Manoharpur,29
3435,Marwar,29
3436,Merta,29
3437,Modak,29
3438,Mount Abu,29
3439,Mukandgarh,29
3440,Mundwa,29
3441,Nadbai,29
3442,Naenwa,29
3443,Nagar,29
3444,Nagaur,29
3445,Napasar,29
3446,Naraina,29
3447,Nasirabad,29
3448,Nathdwara,29
3449,Nawa,29
3450,Nawalgarh,29
3451,Neem Ka Thana,29
3452,Neemrana,29
3453,Newa Talai,29
3454,Nimaj,29
3455,Nimbahera,29
3456,Niwai,29
3457,Nohar,29
3458,Nokha,29
3459,One SGM,29
3460,Padampur,29
3461,Pali,29
3462,Partapur,29
3463,Parvatsar,29
3464,Pasoond,29
3465,Phalna,29
3466,Phalodi,29
3467,Phulera,29
3468,Pilani,29
3469,Pilibanga,29
3470,Pindwara,29
3471,Pipalia Kalan,29
3472,Pipar,29
3473,Pirawa,29
3474,Pokaran,29
3475,Pratapgarh,29
3476,Pushkar,29
3477,Raipur,29
3478,Raisinghnagar,29
3479,Rajakhera,29
3480,Rajaldesar,29
3481,Rajgarh,29
3482,Rajsamand,29
3483,Ramganj Mandi,29
3484,Ramgarh,29
3485,Rani,29
3486,Raniwara,29
3487,Ratan Nagar,29
3488,Ratangarh,29
3489,Rawatbhata,29
3490,Rawatsar,29
3491,Rikhabdev,29
3492,Ringas,29
3493,Sadri,29
3494,Sadulshahar,29
3495,Sagwara,29
3496,Salumbar,29
3497,Sambhar,29
3498,Samdari,29
3499,Sanchor,29
3500,Sangariya,29
3501,Sangod,29
3502,Sardarshahr,29
3503,Sarwar,29
3504,Satal Kheri,29
3505,Sawai Madhopur,29
3506,Sewan Kalan,29
3507,Shahpura,29
3508,Sheoganj,29
3509,Sikar,29
3510,Sirohi,29
3511,Siwana,29
3512,Sogariya,29
3513,Sojat,29
3514,Sojat Road,29
3515,Sri Madhopur,29
3516,Sriganganagar,29
3517,Sujangarh,29
3518,Suket,29
3519,Sumerpur,29
3520,Sunel,29
3521,Surajgarh,29
3522,Suratgarh,29
3523,Swaroopganj,29
3524,Takhatgarh,29
3525,Taranagar,29
3526,Three STR,29
3527,Tijara,29
3528,Toda Bhim,29
3529,Toda Raisingh,29
3530,Todra,29
3531,Tonk,29
3532,Udaipur,29
3533,Udpura,29
3534,Uniara,29
3535,Vanasthali,29
3536,Vidyavihar,29
3537,Vijainagar,29
3538,Viratnagar,29
3539,Wer,29
3540,Gangtok,30
3541,Gezing,30
3542,Jorethang,30
3543,Mangan,30
3544,Namchi,30
3545,Naya Bazar,30
3546,No City,30
3547,Rangpo,30
3548,Sikkim,30
3549,Singtam,30
3550,Upper Tadong,30
3551,Abiramam,31
3552,Achampudur,31
3553,Acharapakkam,31
3554,Acharipallam,31
3555,Achipatti,31
3556,Adikaratti,31
3557,Adiramapattinam,31
3558,Aduturai,31
3559,Adyar,31
3560,Agaram,31
3561,Agasthiswaram,31
3562,Akkaraipettai,31
3563,Alagappapuram,31
3564,Alagapuri,31
3565,Alampalayam,31
3566,Alandur,31
3567,Alanganallur,31
3568,Alangayam,31
3569,Alangudi,31
3570,Alangulam,31
3571,Alanthurai,31
3572,Alapakkam,31
3573,Allapuram,31
3574,Alur,31
3575,Alwar Tirunagari,31
3576,Alwarkurichi,31
3577,Ambasamudram,31
3578,Ambur,31
3579,Ammainaickanur,31
3580,Ammaparikuppam,31
3581,Ammapettai,31
3582,Ammavarikuppam,31
3583,Ammur,31
3584,Anaimalai,31
3585,Anaiyur,31
3586,Anakaputhur,31
3587,Ananthapuram,31
3588,Andanappettai,31
3589,Andipalayam,31
3590,Andippatti,31
3591,Anjugramam,31
3592,Annamalainagar,31
3593,Annavasal,31
3594,Annur,31
3595,Anthiyur,31
3596,Appakudal,31
3597,Arachalur,31
3598,Arakandanallur,31
3599,Arakonam,31
3600,Aralvaimozhi,31
3601,Arani,31
3602,Arani Road,31
3603,Arantangi,31
3604,Arasiramani,31
3605,Aravakurichi,31
3606,Aravankadu,31
3607,Arcot,31
3608,Arimalam,31
3609,Ariyalur,31
3610,Ariyappampalayam,31
3611,Ariyur,31
3612,Arni,31
3613,Arulmigu Thirumuruganpundi,31
3614,Arumanai,31
3615,Arumbavur,31
3616,Arumuganeri,31
3617,Aruppukkottai,31
3618,Ashokapuram,31
3619,Athani,31
3620,Athanur,31
3621,Athimarapatti,31
3622,Athipattu,31
3623,Athur,31
3624,Attayyampatti,31
3625,Attur,31
3626,Auroville,31
3627,Avadattur,31
3628,Avadi,31
3629,Avalpundurai,31
3630,Avaniapuram,31
3631,Avinashi,31
3632,Ayakudi,31
3633,Ayanadaippu,31
3634,Aygudi,31
3635,Ayothiapattinam,31
3636,Ayyalur,31
3637,Ayyampalayam,31
3638,Ayyampettai,31
3639,Azhagiapandiapuram,31
3640,Balakrishnampatti,31
3641,Balakrishnapuram,31
3642,Balapallam,31
3643,Balasamudram,31
3644,Bargur,31
3645,Belur,31
3646,Berhatty,31
3647,Bhavani,31
3648,Bhawanisagar,31
3649,Bhuvanagiri,31
3650,Bikketti,31
3651,Bodinayakkanur,31
3652,Brahmana Periya Agraharam,31
3653,Buthapandi,31
3654,Buthipuram,31
3655,Chatrapatti,31
3656,Chembarambakkam,31
3657,Chengalpattu,31
3658,Chengam,31
3659,Chennai,31
3660,Chennasamudram,31
3661,Chennimalai,31
3662,Cheranmadevi,31
3663,Cheruvanki,31
3664,Chetpet,31
3665,Chettiarpatti,31
3666,Chettipalaiyam,31
3667,Chettipalayam Cantonment,31
3668,Chettithangal,31
3669,Cheyur,31
3670,Cheyyar,31
3671,Chidambaram,31
3672,Chinalapatti,31
3673,Chinna Anuppanadi,31
3674,Chinna Salem,31
3675,Chinnakkampalayam,31
3676,Chinnammanur,31
3677,Chinnampalaiyam,31
3678,Chinnasekkadu,31
3679,Chinnavedampatti,31
3680,Chitlapakkam,31
3681,Chittodu,31
3682,Cholapuram,31
3683,Coimbatore,31
3684,Coonoor,31
3685,Courtalam,31
3686,Cuddalore,31
3687,Dalavaipatti,31
3688,Darasuram,31
3689,Denkanikottai,31
3690,Desur,31
3691,Devadanapatti,31
3692,Devakkottai,31
3693,Devakottai,31
3694,Devanangurichi,31
3695,Devarshola,31
3696,Devasthanam,31
3697,Dhalavoipuram,31
3698,Dhali,31
3699,Dhaliyur,31
3700,Dharapadavedu,31
3701,Dharapuram,31
3702,Dharmapuri,31
3703,Dindigul,31
3704,Dusi,31
3705,Edaganasalai,31
3706,Edaikodu,31
3707,Edakalinadu,31
3708,Elathur,31
3709,Elayirampannai,31
3710,Elumalai,31
3711,Eral,31
3712,Eraniel,31
3713,Eriodu,31
3714,Erode,31
3715,Erumaipatti,31
3716,Eruvadi,31
3717,Ethapur,31
3718,Ettaiyapuram,31
3719,Ettimadai,31
3720,Ezhudesam,31
3721,Ganapathipuram,31
3722,Gandhi Nagar,31
3723,Gangaikondan,31
3724,Gangavalli,31
3725,Ganguvarpatti,31
3726,Gingi,31
3727,Gopalasamudram,31
3728,Gopichettipalaiyam,31
3729,Gudalur,31
3730,Gudiyattam,31
3731,Guduvanchery,31
3732,Gummidipoondi,31
3733,Hanumanthampatti,31
3734,Harur,31
3735,Harveypatti,31
3736,Highways,31
3737,Hosur,31
3738,Hubbathala,31
3739,Huligal,31
3740,Idappadi,31
3741,Idikarai,31
3742,Ilampillai,31
3743,Ilanji,31
3744,Iluppaiyurani,31
3745,Iluppur,31
3746,Inam Karur,31
3747,Injambakkam,31
3748,Irugur,31
3749,Jaffrabad,31
3750,Jagathala,31
3751,Jalakandapuram,31
3752,Jalladiampet,31
3753,Jambai,31
3754,Jayankondam,31
3755,Jolarpet,31
3756,Kadambur,31
3757,Kadathur,31
3758,Kadayal,31
3759,Kadayampatti,31
3760,Kadayanallur,31
3761,Kadiapatti,31
3762,Kalakkad,31
3763,Kalambur,31
3764,Kalapatti,31
3765,Kalappanaickenpatti,31
3766,Kalavai,31
3767,Kalinjur,31
3768,Kaliyakkavilai,31
3769,Kallakkurichi,31
3770,Kallakudi,31
3771,Kallidaikurichchi,31
3772,Kallukuttam,31
3773,Kallupatti,31
3774,Kalpakkam,31
3775,Kalugumalai,31
3776,Kamayagoundanpatti,31
3777,Kambainallur,31
3778,Kambam,31
3779,Kamuthi,31
3780,Kanadukathan,31
3781,Kanakkampalayam,31
3782,Kanam,31
3783,Kanchipuram,31
3784,Kandanur,31
3785,Kangayam,31
3786,Kangayampalayam,31
3787,Kangeyanallur,31
3788,Kaniyur,31
3789,Kanjikoil,31
3790,Kannadendal,31
3791,Kannamangalam,31
3792,Kannampalayam,31
3793,Kannankurichi,31
3794,Kannapalaiyam,31
3795,Kannivadi,31
3796,Kanyakumari,31
3797,Kappiyarai,31
3798,Karaikkudi,31
3799,Karamadai,31
3800,Karambakkam,31
3801,Karambakkudi,31
3802,Kariamangalam,31
3803,Kariapatti,31
3804,Karugampattur,31
3805,Karumandi Chellipalayam,31
3806,Karumathampatti,31
3807,Karumbakkam,31
3808,Karungal,31
3809,Karunguzhi,31
3810,Karuppur,31
3811,Karur,31
3812,Kasipalaiyam,31
3813,Kasipalayam G,31
3814,Kathirvedu,31
3815,Kathujuganapalli,31
3816,Katpadi,31
3817,Kattivakkam,31
3818,Kattumannarkoil,31
3819,Kattupakkam,31
3820,Kattuputhur,31
3821,Kaveripakkam,31
3822,Kaveripattinam,31
3823,Kavundampalaiyam,31
3824,Kavundampalayam,31
3825,Kayalpattinam,31
3826,Kayattar,31
3827,Kelamangalam,31
3828,Kelambakkam,31
3829,Kembainaickenpalayam,31
3830,Kethi,31
3831,Kilakarai,31
3832,Kilampadi,31
3833,Kilkulam,31
3834,Kilkunda,31
3835,Killiyur,31
3836,Killlai,31
3837,Kilpennathur,31
3838,Kilvelur,31
3839,Kinathukadavu,31
3840,Kiramangalam,31
3841,Kiranur,31
3842,Kiripatti,31
3843,Kizhapavur,31
3844,Kmarasamipatti,31
3845,Kochadai,31
3846,Kodaikanal,31
3847,Kodambakkam,31
3848,Kodavasal,31
3849,Kodumudi,31
3850,Kolachal,31
3851,Kolappalur,31
3852,Kolathupalayam,31
3853,Kolathur,31
3854,Kollankodu,31
3855,Kollankoil,31
3856,Komaralingam,31
3857,Komarapalayam,31
3858,Kombai,31
3859,Konakkarai,31
3860,Konavattam,31
3861,Kondalampatti,31
3862,Konganapuram,31
3863,Koradacheri,31
3864,Korampallam,31
3865,Kotagiri,31
3866,Kothinallur,31
3867,Kottaiyur,31
3868,Kottakuppam,31
3869,Kottaram,31
3870,Kottivakkam,31
3871,Kottur,31
3872,Kovilpatti,31
3873,Koyampattur,31
3874,Krishnagiri,31
3875,Krishnarayapuram,31
3876,Krishnasamudram,31
3877,Kuchanur,31
3878,Kuhalur,31
3879,Kulasekarappattinam,31
3880,Kulasekarapuram,31
3881,Kulithalai,31
3882,Kumarapalaiyam,31
3883,Kumarapalayam,31
3884,Kumarapuram,31
3885,Kumbakonam,31
3886,Kundrathur,31
3887,Kuniyamuthur,31
3888,Kunnathur,31
3889,Kunur,31
3890,Kuraikundu,31
3891,Kurichi,31
3892,Kurinjippadi,31
3893,Kurudampalaiyam,31
3894,Kurumbalur,31
3895,Kuthalam,31
3896,Kuthappar,31
3897,Kuttalam,31
3898,Kuttanallur,31
3899,Kuzhithurai,31
3900,Labbaikudikadu,31
3901,Lakkampatti,31
3902,Lalgudi,31
3903,Lalpet,31
3904,Llayangudi,31
3905,Madambakkam,31
3906,Madanur,31
3907,Madathukulam,31
3908,Madhavaram,31
3909,Madippakkam,31
3910,Madukkarai,31
3911,Madukkur,31
3912,Madurai,31
3913,Maduranthakam,31
3914,Maduravoyal,31
3915,Mahabalipuram,31
3916,Makkinanpatti,31
3917,Mallamuppampatti,31
3918,Mallankinaru,31
3919,Mallapuram,31
3920,Mallasamudram,31
3921,Mallur,31
3922,Mamallapuram,31
3923,Mamsapuram,31
3924,Manachanallur,31
3925,Manali,31
3926,Manalmedu,31
3927,Manalurpet,31
3928,Manamadurai,31
3929,Manapakkam,31
3930,Manapparai,31
3931,Manavalakurichi,31
3932,Mandaikadu,31
3933,Mandapam,31
3934,Mangadu,31
3935,Mangalam,31
3936,Mangalampet,31
3937,Manimutharu,31
3938,Mannargudi,31
3939,Mappilaiurani,31
3940,Maraimalai Nagar,31
3941,Marakkanam,31
3942,Maramangalathupatti,31
3943,Marandahalli,31
3944,Markayankottai,31
3945,Marudur,31
3946,Marungur,31
3947,Masinigudi,31
3948,Mathigiri,31
3949,Mattur,31
3950,Mayiladuthurai,31
3951,Mecheri,31
3952,Melacheval,31
3953,Melachokkanathapuram,31
3954,Melagaram,31
3955,Melamadai,31
3956,Melamaiyur,31
3957,Melanattam,31
3958,Melathiruppanthuruthi,31
3959,Melattur,31
3960,Melmananbedu,31
3961,Melpattampakkam,31
3962,Melur,31
3963,Melvisharam,31
3964,Mettupalayam,31
3965,Mettur,31
3966,Meyyanur,31
3967,Milavittan,31
3968,Minakshipuram,31
3969,Minambakkam,31
3970,Minjur,31
3971,Modakurichi,31
3972,Mohanur,31
3973,Mopperipalayam,31
3974,Mudalur,31
3975,Mudichur,31
3976,Mudukulathur,31
3977,Mukasipidariyur,31
3978,Mukkudal,31
3979,Mulagumudu,31
3980,Mulakaraipatti,31
3981,Mulanur,31
3982,Mullakkadu,31
3983,Muruganpalayam,31
3984,Musiri,31
3985,Muthupet,31
3986,Muthur,31
3987,Muttayyapuram,31
3988,Muttupet,31
3989,Muvarasampettai,31
3990,Myladi,31
3991,Mylapore,31
3992,Nadukkuthagai,31
3993,Naduvattam,31
3994,Nagapattinam,31
3995,Nagavakulam,31
3996,Nagercoil,31
3997,Nagojanahalli,31
3998,Nallampatti,31
3999,Nallur,31
4000,Namagiripettai,31
4001,Namakkal,31
4002,Nambiyur,31
4003,Nambutalai,31
4004,Nandambakkam,31
4005,Nandivaram,31
4006,Nangavalli,31
4007,Nangavaram,31
4008,Nanguneri,31
4009,Nanjikottai,31
4010,Nannilam,31
4011,Naranammalpuram,31
4012,Naranapuram,31
4013,Narasimhanaickenpalayam,31
4014,Narasingapuram,31
4015,Narasojipatti,31
4016,Naravarikuppam,31
4017,Nasiyanur,31
4018,Natham,31
4019,Nathampannai,31
4020,Natrampalli,31
4021,Nattam,31
4022,Nattapettai,31
4023,Nattarasankottai,31
4024,Navalpattu,31
4025,Nazarethpettai,31
4026,Nazerath,31
4027,Neikkarapatti,31
4028,Neiyyur,31
4029,Nellikkuppam,31
4030,Nelliyalam,31
4031,Nemili,31
4032,Nemilicheri,31
4033,Neripperichal,31
4034,Nerkunram,31
4035,Nerkuppai,31
4036,Nerunjipettai,31
4037,Neykkarappatti,31
4038,Neyveli,31
4039,Nidamangalam,31
4040,Nilagiri,31
4041,Nilakkottai,31
4042,Nilankarai,31
4043,Odaipatti,31
4044,Odaiyakulam,31
4045,Oddanchatram,31
4046,Odugathur,31
4047,Oggiyamduraipakkam,31
4048,Olagadam,31
4049,Omalur,31
4050,Ooty,31
4051,Orathanadu,31
4052,Othakadai,31
4053,Othakalmandapam,31
4054,Ottapparai,31
4055,Pacode,31
4056,Padaividu,31
4057,Padianallur,31
4058,Padirikuppam,31
4059,Padmanabhapuram,31
4060,Padririvedu,31
4061,Palaganangudy,31
4062,Palaimpatti,31
4063,Palakkodu,31
4064,Palamedu,31
4065,Palani,31
4066,Palani Chettipatti,31
4067,Palavakkam,31
4068,Palavansathu,31
4069,Palayakayal,31
4070,Palayam,31
4071,Palayamkottai,31
4072,Palladam,31
4073,Pallapalayam,31
4074,Pallapatti,31
4075,Pallattur,31
4076,Pallavaram,31
4077,Pallikaranai,31
4078,Pallikonda,31
4079,Pallipalaiyam,31
4080,Pallipalaiyam Agraharam,31
4081,Pallipattu,31
4082,Pammal,31
4083,Panagudi,31
4084,Panaimarathupatti,31
4085,Panapakkam,31
4086,Panboli,31
4087,Pandamangalam,31
4088,Pannaikadu,31
4089,Pannaipuram,31
4090,Pannuratti,31
4091,Panruti,31
4092,Papanasam,31
4093,Pappankurichi,31
4094,Papparapatti,31
4095,Pappireddipatti,31
4096,Paramakkudi,31
4097,Paramankurichi,31
4098,Paramathi,31
4099,Parangippettai,31
4100,Paravai,31
4101,Pasur,31
4102,Pathamadai,31
4103,Pattinam,31
4104,Pattiviranpatti,31
4105,Pattukkottai,31
4106,Pazhugal,31
4107,Pennadam,31
4108,Pennagaram,31
4109,Pennathur,31
4110,Peraiyur,31
4111,Peralam,31
4112,Perambalur,31
4113,Peranamallur,31
4114,Peravurani,31
4115,Periyakodiveri,31
4116,Periyakulam,31
4117,Periyanayakkanpalaiyam,31
4118,Periyanegamam,31
4119,Periyapatti,31
4120,Periyasemur,31
4121,Pernambut,31
4122,Perumagalur,31
4123,Perumandi,31
4124,Perumuchi,31
4125,Perundurai,31
4126,Perungalathur,31
4127,Perungudi,31
4128,Perungulam,31
4129,Perur,31
4130,Perur Chettipalaiyam,31
4131,Pethampalayam,31
4132,Pethanaickenpalayam,31
4133,Pillanallur,31
4134,Pirkankaranai,31
4135,Polichalur,31
4136,Pollachi,31
4137,Polur,31
4138,Ponmani,31
4139,Ponnamaravathi,31
4140,Ponnampatti,31
4141,Ponneri,31
4142,Porur,31
4143,Pothanur,31
4144,Pothatturpettai,31
4145,Pudukadai,31
4146,Pudukkottai Cantonment,31
4147,Pudukottai,31
4148,Pudupalaiyam Aghraharam,31
4149,Pudupalayam,31
4150,Pudupatti,31
4151,Pudupattinam,31
4152,Pudur,31
4153,Puduvayal,31
4154,Pulambadi,31
4155,Pulampatti,31
4156,Puliyampatti,31
4157,Puliyankudi,31
4158,Puliyur,31
4159,Pullampadi,31
4160,Puluvapatti,31
4161,Punamalli,31
4162,Punjai Puliyampatti,31
4163,Punjai Thottakurichi,31
4164,Punjaipugalur,31
4165,Puthalam,31
4166,Putteri,31
4167,Puvalur,31
4168,Puzhal,31
4169,Puzhithivakkam,31
4170,Rajapalayam,31
4171,Ramanathapuram,31
4172,Ramapuram,31
4173,Rameswaram,31
4174,Ranipet,31
4175,Rasipuram,31
4176,Rayagiri,31
4177,Rithapuram,31
4178,Rosalpatti,31
4179,Rudravathi,31
4180,Sadayankuppam,31
4181,Saint Thomas Mount,31
4182,Salangapalayam,31
4183,Salem,31
4184,Samalapuram,31
4185,Samathur,31
4186,Sambavar Vadagarai,31
4187,Sankaramanallur,31
4188,Sankarankoil,31
4189,Sankarapuram,31
4190,Sankari,31
4191,Sankarnagar,31
4192,Saravanampatti,31
4193,Sarcarsamakulam,31
4194,Sathiyavijayanagaram,31
4195,Sathuvachari,31
4196,Sathyamangalam,31
4197,Sattankulam,31
4198,Sattur,31
4199,Sayalgudi,31
4200,Sayapuram,31
4201,Seithur,31
4202,Sembakkam,31
4203,Semmipalayam,31
4204,Sennirkuppam,31
4205,Senthamangalam,31
4206,Sentharapatti,31
4207,Senur,31
4208,Sethiathoppu,31
4209,Sevilimedu,31
4210,Sevugampatti,31
4211,Shenbakkam,31
4212,Shencottai,31
4213,Shenkottai,31
4214,Sholavandan,31
4215,Sholinganallur,31
4216,Sholingur,31
4217,Sholur,31
4218,Sikkarayapuram,31
4219,Singampuneri,31
4220,Singanallur,31
4221,Singaperumalkoil,31
4222,Sirapalli,31
4223,Sirkali,31
4224,Sirugamani,31
4225,Sirumugai,31
4226,Sithayankottai,31
4227,Sithurajapuram,31
4228,Sivaganga,31
4229,Sivagiri,31
4230,Sivakasi,31
4231,Sivanthipuram,31
4232,Sivur,31
4233,Soranjeri,31
4234,South Kannanur,31
4235,South Kodikulam,31
4236,Srimushnam,31
4237,Sriperumpudur,31
4238,Sriramapuram,31
4239,Srirangam,31
4240,Srivaikuntam,31
4241,Srivilliputtur,31
4242,Suchindram,31
4243,Suliswaranpatti,31
4244,Sulur,31
4245,Sundarapandiam,31
4246,Sundarapandiapuram,31
4247,Surampatti,31
4248,Surandai,31
4249,Suriyampalayam,31
4250,Swamimalai,31
4251,TNPL Pugalur,31
4252,Tambaram,31
4253,Taramangalam,31
4254,Tattayyangarpettai,31
4255,Tayilupatti,31
4256,Tenkasi,31
4257,Thadikombu,31
4258,Thakkolam,31
4259,Thalainayar,31
4260,Thalakudi,31
4261,Thamaraikulam,31
4262,Thammampatti,31
4263,Thanjavur,31
4264,Thanthoni,31
4265,Tharangambadi,31
4266,Thedavur,31
4267,Thenambakkam,31
4268,Thengampudur,31
4269,Theni,31
4270,Theni Allinagaram,31
4271,Thenkarai,31
4272,Thenthamaraikulam,31
4273,Thenthiruperai,31
4274,Thesur,31
4275,Thevaram,31
4276,Thevur,31
4277,Thiagadurgam,31
4278,Thiagarajar Colony,31
4279,Thingalnagar,31
4280,Thiruchirapalli,31
4281,Thirukarungudi,31
4282,Thirukazhukundram,31
4283,Thirumalayampalayam,31
4284,Thirumazhisai,31
4285,Thirunagar,31
4286,Thirunageswaram,31
4287,Thirunindravur,31
4288,Thirunirmalai,31
4289,Thiruparankundram,31
4290,Thiruparappu,31
4291,Thiruporur,31
4292,Thiruppanandal,31
4293,Thirupuvanam,31
4294,Thiruthangal,31
4295,Thiruthuraipundi,31
4296,Thiruvaivaru,31
4297,Thiruvalam,31
4298,Thiruvarur,31
4299,Thiruvattaru,31
4300,Thiruvenkatam,31
4301,Thiruvennainallur,31
4302,Thiruvithankodu,31
4303,Thisayanvilai,31
4304,Thittacheri,31
4305,Thondamuthur,31
4306,Thorapadi,31
4307,Thottipalayam,31
4308,Thottiyam,31
4309,Thudiyalur,31
4310,Thuthipattu,31
4311,Thuvakudi,31
4312,Timiri,31
4313,Tindivanam,31
4314,Tinnanur,31
4315,Tiruchchendur,31
4316,Tiruchengode,31
4317,Tirukkalukkundram,31
4318,Tirukkattuppalli,31
4319,Tirukkoyilur,31
4320,Tirumangalam,31
4321,Tirumullaivasal,31
4322,Tirumuruganpundi,31
4323,Tirunageswaram,31
4324,Tirunelveli,31
4325,Tirupathur,31
4326,Tirupattur,31
4327,Tiruppuvanam,31
4328,Tirupur,31
4329,Tirusulam,31
4330,Tiruttani,31
4331,Tiruvallur,31
4332,Tiruvannamalai,31
4333,Tiruverambur,31
4334,Tiruverkadu,31
4335,Tiruvethipuram,31
4336,Tiruvidaimarudur,31
4337,Tiruvottiyur,31
4338,Tittakudi,31
4339,Tondi,31
4340,Turaiyur,31
4341,Tuticorin,31
4342,Udagamandalam,31
4343,Udagamandalam Valley,31
4344,Udankudi,31
4345,Udayarpalayam,31
4346,Udumalaipettai,31
4347,Udumalpet,31
4348,Ullur,31
4349,Ulundurpettai,31
4350,Unjalaur,31
4351,Unnamalaikadai,31
4352,Uppidamangalam,31
4353,Uppiliapuram,31
4354,Urachikkottai,31
4355,Urapakkam,31
4356,Usilampatti,31
4357,Uthangarai,31
4358,Uthayendram,31
4359,Uthiramerur,31
4360,Uthukkottai,31
4361,Uttamapalaiyam,31
4362,Uttukkuli,31
4363,Vadakarai Kizhpadugai,31
4364,Vadakkanandal,31
4365,Vadakku Valliyur,31
4366,Vadalur,31
4367,Vadamadurai,31
4368,Vadavalli,31
4369,Vadipatti,31
4370,Vadugapatti,31
4371,Vaithiswarankoil,31
4372,Valangaiman,31
4373,Valasaravakkam,31
4374,Valavanur,31
4375,Vallam,31
4376,Valparai,31
4377,Valvaithankoshtam,31
4378,Vanavasi,31
4379,Vandalur,31
4380,Vandavasi,31
4381,Vandiyur,31
4382,Vaniputhur,31
4383,Vaniyambadi,31
4384,Varadarajanpettai,31
4385,Varadharajapuram,31
4386,Vasudevanallur,31
4387,Vathirairuppu,31
4388,Vattalkundu,31
4389,Vazhapadi,31
4390,Vedapatti,31
4391,Vedaranniyam,31
4392,Vedasandur,31
4393,Velampalaiyam,31
4394,Velankanni,31
4395,Vellakinar,31
4396,Vellakoil,31
4397,Vellalapatti,31
4398,Vellalur,31
4399,Vellanur,31
4400,Vellimalai,31
4401,Vellore,31
4402,Vellottamparappu,31
4403,Velluru,31
4404,Vengampudur,31
4405,Vengathur,31
4406,Vengavasal,31
4407,Venghatur,31
4408,Venkarai,31
4409,Vennanthur,31
4410,Veppathur,31
4411,Verkilambi,31
4412,Vettaikaranpudur,31
4413,Vettavalam,31
4414,Vijayapuri,31
4415,Vikramasingapuram,31
4416,Vikravandi,31
4417,Vilangudi,31
4418,Vilankurichi,31
4419,Vilapakkam,31
4420,Vilathikulam,31
4421,Vilavur,31
4422,Villukuri,31
4423,Villupuram,31
4424,Viraganur,31
4425,Virakeralam,31
4426,Virakkalpudur,31
4427,Virapandi,31
4428,Virapandi Cantonment,31
4429,Virappanchatram,31
4430,Viravanallur,31
4431,Virudambattu,31
4432,Virudhachalam,31
4433,Virudhunagar,31
4434,Virupakshipuram,31
4435,Viswanatham,31
4436,Vriddhachalam,31
4437,Walajabad,31
4438,Walajapet,31
4439,Wellington,31
4440,Yercaud,31
4441,Zamin Uthukuli,31
4442,Achampet,32
4443,Adilabad,32
4444,Armoor,32
4445,Asifabad,32
4446,Badepally,32
4447,Banswada,32
4448,Bellampalli,32
4449,Bhadrachalam,32
4450,Bhainsa,32
4451,Bhongir,32
4452,Bhupalpally,32
4453,Bodhan,32
4454,Bollaram,32
4455,Devarkonda,32
4456,Farooqnagar,32
4457,Gadwal,32
4458,Gajwel,32
4459,Ghatkesar,32
4460,Hyderabad,32
4461,Jagtial,32
4462,Jangaon,32
4463,Kagaznagar,32
4464,Kalwakurthy,32
4465,Kamareddy,32
4466,Karimnagar,32
4467,Khammam,32
4468,Kodada,32
4469,Koratla,32
4470,Kottagudem,32
4471,Kyathampalle,32
4472,Madhira,32
4473,Mahabubabad,32
4474,Mahbubnagar,32
4475,Mancherial,32
4476,Mandamarri,32
4477,Manuguru,32
4478,Medak,32
4479,Medchal,32
4480,Miryalaguda,32
4481,Nagar Karnul,32
4482,Nakrekal,32
4483,Nalgonda,32
4484,Narayanpet,32
4485,Narsampet,32
4486,Nirmal,32
4487,Nizamabad,32
4488,Palwancha,32
4489,Peddapalli,32
4490,Ramagundam,32
4491,Ranga Reddy district,32
4492,Sadasivpet,32
4493,Sangareddy,32
4494,Sarapaka,32
4495,Sathupalle,32
4496,Secunderabad,32
4497,Siddipet,32
4498,Singapur,32
4499,Sircilla,32
4500,Suryapet,32
4501,Tandur,32
4502,Vemulawada,32
4503,Vikarabad,32
4504,Wanaparthy,32
4505,Warangal,32
4506,Yellandu,32
4507,Zahirabad,32
4508,Agartala,33
4509,Amarpur,33
4510,Ambassa,33
4511,Badharghat,33
4512,Belonia,33
4513,Dharmanagar,33
4514,Gakulnagar,33
4515,Gandhigram,33
4516,Indranagar,33
4517,Jogendranagar,33
4518,Kailasahar,33
4519,Kamalpur,33
4520,Kanchanpur,33
4521,Khowai,33
4522,Kumarghat,33
4523,Kunjaban,33
4524,Narsingarh,33
4525,Pratapgarh,33
4526,Ranir Bazar,33
4527,Sabrum,33
4528,Sonamura,33
4529,Teliamura,33
4530,Udaipur,33
4531,Achhalda,34
4532,Achhnera,34
4533,Adari,34
4534,Afzalgarh,34
4535,Agarwal Mandi,34
4536,Agra,34
4537,Agra Cantonment,34
4538,Ahraura,34
4539,Ailum,34
4540,Air Force Area,34
4541,Ajhuwa,34
4542,Akbarpur,34
4543,Alapur,34
4544,Aliganj,34
4545,Aligarh,34
4546,Allahabad,34
4547,Allahabad Cantonment,34
4548,Allahganj,34
4549,Amanpur,34
4550,Ambahta,34
4551,Amethi,34
4552,Amila,34
4553,Amilo,34
4554,Aminagar Sarai,34
4555,Aminagar Urf Bhurbaral,34
4556,Amraudha,34
4557,Amroha,34
4558,Anandnagar,34
4559,Anpara,34
4560,Antu,34
4561,Anupshahr,34
4562,Aonla,34
4563,Armapur Estate,34
4564,Ashokpuram,34
4565,Ashrafpur Kichhauchha,34
4566,Atarra,34
4567,Atasu,34
4568,Atrauli,34
4569,Atraulia,34
4570,Auraiya,34
4571,Aurangabad,34
4572,Aurangabad Bangar,34
4573,Auras,34
4574,Awagarh,34
4575,Ayodhya,34
4576,Azamgarh,34
4577,Azizpur,34
4578,Azmatgarh,34
4579,Babarpur Ajitmal,34
4580,Baberu,34
4581,Babina,34
4582,Babrala,34
4583,Babugarh,34
4584,Bachhiowan,34
4585,Bachhraon,34
4586,Bad,34
4587,Badaun,34
4588,Baghpat,34
4589,Bah,34
4590,Bahadurganj,34
4591,Baheri,34
4592,Bahjoi,34
4593,Bahraich,34
4594,Bahsuma,34
4595,Bahua,34
4596,Bajna,34
4597,Bakewar,34
4598,Bakiabad,34
4599,Baldeo,34
4600,Ballia,34
4601,Balrampur,34
4602,Banat,34
4603,Banda,34
4604,Bangarmau,34
4605,Banki,34
4606,Bansdih,34
4607,Bansgaon,34
4608,Bansi,34
4609,Barabanki,34
4610,Baragaon,34
4611,Baraut,34
4612,Bareilly,34
4613,Bareilly Cantonment,34
4614,Barhalganj,34
4615,Barhani,34
4616,Barhapur,34
4617,Barkhera,34
4618,Barsana,34
4619,Barva Sagar,34
4620,Barwar,34
4621,Basti,34
4622,Begumabad Budhana,34
4623,Behat,34
4624,Behta Hajipur,34
4625,Bela,34
4626,Belthara,34
4627,Beniganj,34
4628,Beswan,34
4629,Bewar,34
4630,Bhadarsa,34
4631,Bhadohi,34
4632,Bhagwantnagar,34
4633,Bharatganj,34
4634,Bhargain,34
4635,Bharthana,34
4636,Bharuhana,34
4637,Bharwari,34
4638,Bhatni Bazar,34
4639,Bhatpar Rani,34
4640,Bhawan Bahadurnagar,34
4641,Bhinga,34
4642,Bhojpur Dharampur,34
4643,Bhokarhedi,34
4644,Bhongaon,34
4645,Bhulepur,34
4646,Bidhuna,34
4647,Bighapur,34
4648,Bijnor,34
4649,Bijpur,34
4650,Bikapur,34
4651,Bilari,34
4652,Bilaspur,34
4653,Bilgram,34
4654,Bilhaur,34
4655,Bilram,34
4656,Bilrayaganj,34
4657,Bilsanda,34
4658,Bilsi,34
4659,Bindki,34
4660,Bisalpur,34
4661,Bisanda Buzurg,34
4662,Bisauli,34
4663,Bisharatganj,34
4664,Bisokhar,34
4665,Biswan,34
4666,Bithur,34
4667,Budaun,34
4668,Bugrasi,34
4669,Bulandshahar,34
4670,Burhana,34
4671,Chail,34
4672,Chak Imam Ali,34
4673,Chakeri,34
4674,Chakia,34
4675,Chandauli,34
4676,Chandausi,34
4677,Chandpur,34
4678,Charkhari,34
4679,Charthawal,34
4680,Chaumuhan,34
4681,Chhaprauli,34
4682,Chhara Rafatpur,34
4683,Chharprauli,34
4684,Chhata,34
4685,Chhatari,34
4686,Chhibramau,34
4687,Chhutmalpur,34
4688,Chilkana Sultanpur,34
4689,Chirgaon,34
4690,Chit Baragaon,34
4691,Chitrakut Dham,34
4692,Chopan,34
4693,Choubepur Kalan,34
4694,Chunar,34
4695,Churk Ghurma,34
4696,Colonelganj,34
4697,Dadri,34
4698,Dalmau,34
4699,Dankaur,34
4700,Dariyabad,34
4701,Dasna,34
4702,Dataganj,34
4703,Daurala,34
4704,Dayal Bagh,34
4705,Deoband,34
4706,Deoranian,34
4707,Deoria,34
4708,Dewa,34
4709,Dhampur,34
4710,Dhanauha,34
4711,Dhanauli,34
4712,Dhanaura,34
4713,Dharoti Khurd,34
4714,Dhauratanda,34
4715,Dhaurhra,34
4716,Dibai,34
4717,Dibiyapur,34
4718,Dildarnagar Fatehpur,34
4719,Do Ghat,34
4720,Dohrighat,34
4721,Dostpur,34
4722,Dudhinagar,34
4723,Dulhipur,34
4724,Dundwaraganj,34
4725,Ekdil,34
4726,Erich,34
4727,Etah,34
4728,Etawah,34
4729,Faizabad,34
4730,Faizabad Cantonment,34
4731,Faizganj,34
4732,Farah,34
4733,Faridnagar,34
4734,Faridpur,34
4735,Faridpur Cantonment,34
4736,Fariha,34
4737,Farrukhabad,34
4738,Fatehabad,34
4739,Fatehganj Pashchimi,34
4740,Fatehganj Purvi,34
4741,Fatehgarh,34
4742,Fatehpur,34
4743,Fatehpur Chaurasi,34
4744,Fatehpur Sikri,34
4745,Firozabad,34
4746,Gajraula,34
4747,Ganga Ghat,34
4748,Gangapur,34
4749,Gangoh,34
4750,Ganj Muradabad,34
4751,Garautha,34
4752,Garhi Pukhta,34
4753,Garhmukteshwar,34
4754,Gaura Barahaj,34
4755,Gauri Bazar,34
4756,Gausganj,34
4757,Gawan,34
4758,Ghatampur,34
4759,Ghaziabad,34
4760,Ghazipur,34
4761,Ghiror,34
4762,Ghorawal,34
4763,Ghosi,34
4764,Ghosia Bazar,34
4765,Ghughuli,34
4766,Gohand,34
4767,Gokul,34
4768,Gola Bazar,34
4769,Gola Gokarannath,34
4770,Gonda,34
4771,Gopamau,34
4772,Gopiganj,34
4773,Gorakhpur,34
4774,Gosainganj,34
4775,Govardhan,34
4776,Greater Noida,34
4777,Gulaothi,34
4778,Gulariya,34
4779,Gulariya Bhindara,34
4780,Gunnaur,34
4781,Gursahaiganj,34
4782,Gursarai,34
4783,Gyanpur,34
4784,Hafizpur,34
4785,Haidergarh,34
4786,Haldaur,34
4787,Hamirpur,34
4788,Handia,34
4789,Hapur,34
4790,Hardoi,34
4791,Harduaganj,34
4792,Hargaon,34
4793,Hariharpur,34
4794,Harraiya,34
4795,Hasanpur,34
4796,Hasayan,34
4797,Hastinapur,34
4798,Hata,34
4799,Hathras,34
4800,Hyderabad,34
4801,Ibrahimpur,34
4802,Iglas,34
4803,Ikauna,34
4804,Iltifatganj Bazar,34
4805,Indian Telephone Industry Mank,34
4806,Islamnagar,34
4807,Itaunja,34
4808,Itimadpur,34
4809,Jagner,34
4810,Jahanabad,34
4811,Jahangirabad,34
4812,Jahangirpur,34
4813,Jais,34
4814,Jaithara,34
4815,Jalalabad,34
4816,Jalali,34
4817,Jalalpur,34
4818,Jalaun,34
4819,Jalesar,34
4820,Jamshila,34
4821,Jangipur,34
4822,Jansath,34
4823,Jarwal,34
4824,Jasrana,34
4825,Jaswantnagar,34
4826,Jatari,34
4827,Jaunpur,34
4828,Jewar,34
4829,Jhalu,34
4830,Jhansi,34
4831,Jhansi Cantonment,34
4832,Jhansi Railway Settlement,34
4833,Jhinjhak,34
4834,Jhinjhana,34
4835,Jhusi,34
4836,Jhusi Kohna,34
4837,Jiyanpur,34
4838,Joya,34
4839,Jyoti Khuria,34
4840,Jyotiba Phule Nagar,34
4841,Kabrai,34
4842,Kachhauna Patseni,34
4843,Kachhla,34
4844,Kachhwa,34
4845,Kadaura,34
4846,Kadipur,34
4847,Kailashpur,34
4848,Kaimganj,34
4849,Kairana,34
4850,Kakgaina,34
4851,Kakod,34
4852,Kakori,34
4853,Kakrala,34
4854,Kalinagar,34
4855,Kalpi,34
4856,Kamalganj,34
4857,Kampil,34
4858,Kandhla,34
4859,Kandwa,34
4860,Kannauj,34
4861,Kanpur,34
4862,Kant,34
4863,Kanth,34
4864,Kaptanganj,34
4865,Karaon,34
4866,Karari,34
4867,Karhal,34
4868,Karnawal,34
4869,Kasganj,34
4870,Katariya,34
4871,Katghar Lalganj,34
4872,Kathera,34
4873,Katra,34
4874,Katra Medniganj,34
4875,Kauriaganj,34
4876,Kemri,34
4877,Kerakat,34
4878,Khadda,34
4879,Khaga,34
4880,Khailar,34
4881,Khair,34
4882,Khairabad,34
4883,Khairagarh,34
4884,Khalilabad,34
4885,Khamaria,34
4886,Khanpur,34
4887,Kharela,34
4888,Khargupur,34
4889,Khariya,34
4890,Kharkhoda,34
4891,Khatauli,34
4892,Khatauli Rural,34
4893,Khekra,34
4894,Kheri,34
4895,Kheta Sarai,34
4896,Khudaganj,34
4897,Khurja,34
4898,Khutar,34
4899,Kiraoli,34
4900,Kiratpur,34
4901,Kishanpur,34
4902,Kishni,34
4903,Kithaur,34
4904,Koiripur,34
4905,Konch,34
4906,Kopaganj,34
4907,Kora Jahanabad,34
4908,Korwa,34
4909,Kosi Kalan,34
4910,Kota,34
4911,Kotra,34
4912,Kotwa,34
4913,Kulpahar,34
4914,Kunda,34
4915,Kundarki,34
4916,Kunwargaon,34
4917,Kurara,34
4918,Kurawali,34
4919,Kursath,34
4920,Kurthi Jafarpur,34
4921,Kushinagar,34
4922,Kusmara,34
4923,Laharpur,34
4924,Lakhimpur,34
4925,Lakhna,34
4926,Lalganj,34
4927,Lalitpur,34
4928,Lar,34
4929,Lawar,34
4930,Ledwa Mahuwa,34
4931,Lohta,34
4932,Loni,34
4933,Lucknow,34
4934,Machhlishahr,34
4935,Madhoganj,34
4936,Madhogarh,34
4937,Maghar,34
4938,Mahaban,34
4939,Maharajganj,34
4940,Mahmudabad,34
4941,Mahoba,34
4942,Maholi,34
4943,Mahona,34
4944,Mahroni,34
4945,Mailani,34
4946,Mainpuri,34
4947,Majhara Pipar Ehatmali,34
4948,Majhauli Raj,34
4949,Malihabad,34
4950,Mallanwam,34
4951,Mandawar,34
4952,Manikpur,34
4953,Maniyar,34
4954,Manjhanpur,34
4955,Mankapur,34
4956,Marehra,34
4957,Mariahu,34
4958,Maruadih,34
4959,Maswasi,34
4960,Mataundh,34
4961,Mathu,34
4962,Mathura,34
4963,Mathura Cantonment,34
4964,Mau,34
4965,Mau Aima,34
4966,Maudaha,34
4967,Mauranipur,34
4968,Maurawan,34
4969,Mawana,34
4970,Meerut,34
4971,Mehnagar,34
4972,Mehndawal,34
4973,Mendu,34
4974,Milak,34
4975,Miranpur,34
4976,Mirat,34
4977,Mirat Cantonment,34
4978,Mirganj,34
4979,Mirzapur,34
4980,Misrikh,34
4981,Modinagar,34
4982,Mogra Badshahpur,34
4983,Mohan,34
4984,Mohanpur,34
4985,Mohiuddinpur,34
4986,Moradabad,34
4987,Moth,34
4988,Mubarakpur,34
4989,Mughal Sarai,34
4990,Mughal Sarai Railway Settlemen,34
4991,Muhammadabad,34
4992,Muhammadi,34
4993,Mukrampur Khema,34
4994,Mundia,34
4995,Mundora,34
4996,Muradnagar,34
4997,Mursan,34
4998,Musafirkhana,34
4999,Muzaffarnagar,34
5000,Nadigaon,34
5001,Nagina,34
5002,Nagram,34
5003,Nai Bazar,34
5004,Nainana Jat,34
5005,Najibabad,34
5006,Nakur,34
5007,Nanaunta,34
5008,Nandgaon,34
5009,Nanpara,34
5010,Naraini,34
5011,Narauli,34
5012,Naraura,34
5013,Naugawan Sadat,34
5014,Nautanwa,34
5015,Nawabganj,34
5016,Nichlaul,34
5017,Nidhauli Kalan,34
5018,Nihtaur,34
5019,Nindaura,34
5020,Niwari,34
5021,Nizamabad,34
5022,Noida,34
5023,Northern Railway Colony,34
5024,Nurpur,34
5025,Nyoria Husenpur,34
5026,Nyotini,34
5027,Obra,34
5028,Oel Dhakwa,34
5029,Orai,34
5030,Oran,34
5031,Ordinance Factory Muradnagar,34
5032,Pachperwa,34
5033,Padrauna,34
5034,Pahasu,34
5035,Paintepur,34
5036,Pali,34
5037,Palia Kalan,34
5038,Parasi,34
5039,Parichha,34
5040,Parichhatgarh,34
5041,Parsadepur,34
5042,Patala,34
5043,Patiyali,34
5044,Patti,34
5045,Pawayan,34
5046,Phalauda,34
5047,Phaphund,34
5048,Phulpur,34
5049,Phulwaria,34
5050,Pihani,34
5051,Pilibhit,34
5052,Pilkana,34
5053,Pilkhuwa,34
5054,Pinahat,34
5055,Pipalsana Chaudhari,34
5056,Pipiganj,34
5057,Pipraich,34
5058,Pipri,34
5059,Pratapgarh,34
5060,Pukhrayan,34
5061,Puranpur,34
5062,Purdil Nagar,34
5063,Purqazi,34
5064,Purwa,34
5065,Qasimpur,34
5066,Rabupura,34
5067,Radha Kund,34
5068,Rae Bareilly,34
5069,Raja Ka Rampur,34
5070,Rajapur,34
5071,Ramkola,34
5072,Ramnagar,34
5073,Rampur,34
5074,Rampur Bhawanipur,34
5075,Rampur Karkhana,34
5076,Rampur Maniharan,34
5077,Rampura,34
5078,Ranipur,34
5079,Rashidpur Garhi,34
5080,Rasra,34
5081,Rasulabad,34
5082,Rath,34
5083,Raya,34
5084,Renukut,34
5085,Reoti,34
5086,Richha,34
5087,Risia Bazar,34
5088,Rithora,34
5089,Robertsganj,34
5090,Roza,34
5091,Rudarpur,34
5092,Rudauli,34
5093,Rudayan,34
5094,Rura,34
5095,Rustamnagar Sahaspur,34
5096,Sabatwar,34
5097,Sadabad,34
5098,Sadat,34
5099,Safipur,34
5100,Sahanpur,34
5101,Saharanpur,34
5102,Sahaspur,34
5103,Sahaswan,34
5104,Sahawar,34
5105,Sahibabad,34
5106,Sahjanwa,34
5107,Sahpau,34
5108,Saidpur,34
5109,Sainthal,34
5110,Saiyadraja,34
5111,Sakhanu,34
5112,Sakit,34
5113,Salarpur Khadar,34
5114,Salimpur,34
5115,Salon,34
5116,Sambhal,34
5117,Sambhawali,34
5118,Samdhan,34
5119,Samthar,34
5120,Sandi,34
5121,Sandila,34
5122,Sarai Mir,34
5123,Sarai akil,34
5124,Sarauli,34
5125,Sardhana,34
5126,Sarila,34
5127,Sarsawan,34
5128,Sasni,34
5129,Satrikh,34
5130,Saunkh,34
5131,Saurikh,34
5132,Seohara,34
5133,Sewal Khas,34
5134,Sewarhi,34
5135,Shahabad,34
5136,Shahganj,34
5137,Shahi,34
5138,Shahjahanpur,34
5139,Shahjahanpur Cantonment,34
5140,Shahpur,34
5141,Shamli,34
5142,Shamsabad,34
5143,Shankargarh,34
5144,Shergarh,34
5145,Sherkot,34
5146,Shikarpur,34
5147,Shikohabad,34
5148,Shisgarh,34
5149,Shivdaspur,34
5150,Shivli,34
5151,Shivrajpur,34
5152,Shohratgarh,34
5153,Siddhanur,34
5154,Siddharthnagar,34
5155,Sidhauli,34
5156,Sidhpura,34
5157,Sikandarabad,34
5158,Sikandarpur,34
5159,Sikandra,34
5160,Sikandra Rao,34
5161,Singahi Bhiraura,34
5162,Sirathu,34
5163,Sirsa,34
5164,Sirsaganj,34
5165,Sirsi,34
5166,Sisauli,34
5167,Siswa Bazar,34
5168,Sitapur,34
5169,Siyana,34
5170,Som,34
5171,Sonbhadra,34
5172,Soron,34
5173,Suar,34
5174,Sukhmalpur Nizamabad,34
5175,Sultanpur,34
5176,Sumerpur,34
5177,Suriyawan,34
5178,Swamibagh,34
5179,Tajpur,34
5180,Talbahat,34
5181,Talgram,34
5182,Tambaur,34
5183,Tanda,34
5184,Tatarpur Lallu,34
5185,Tetribazar,34
5186,Thakurdwara,34
5187,Thana Bhawan,34
5188,Thiriya Nizamat Khan,34
5189,Tikaitnagar,34
5190,Tikri,34
5191,Tilhar,34
5192,Tindwari,34
5193,Tirwaganj,34
5194,Titron,34
5195,Tori Fatehpur,34
5196,Tulsipur,34
5197,Tundla,34
5198,Tundla Kham,34
5199,Tundla Railway Colony,34
5200,Ugu,34
5201,Ujhani,34
5202,Ujhari,34
5203,Umri,34
5204,Umri Kalan,34
5205,Un,34
5206,Unchahar,34
5207,Unnao,34
5208,Usaihat,34
5209,Usawan,34
5210,Utraula,34
5211,Varanasi,34
5212,Varanasi Cantonment,34
5213,Vijaigarh,34
5214,Vrindavan,34
5215,Wazirganj,34
5216,Zafarabad,34
5217,Zaidpur,34
5218,Zamania,34
5219,Almora,35
5220,Almora Cantonment,35
5221,Badrinathpuri,35
5222,Bageshwar,35
5223,Bah Bazar,35
5224,Banbasa,35
5225,Bandia,35
5226,Barkot,35
5227,Bazpur,35
5228,Bhim Tal,35
5229,Bhowali,35
5230,Chakrata,35
5231,Chamba,35
5232,Chamoli and Gopeshwar,35
5233,Champawat,35
5234,Clement Town,35
5235,Dehra Dun Cantonment,35
5236,Dehradun,35
5237,Dehrakhas,35
5238,Devaprayag,35
5239,Dhaluwala,35
5240,Dhandera,35
5241,Dharchula,35
5242,Dharchula Dehat,35
5243,Didihat,35
5244,Dineshpur,35
5245,Doiwala,35
5246,Dugadda,35
5247,Dwarahat,35
5248,Gadarpur,35
5249,Gangotri,35
5250,Gauchar,35
5251,Haldwani,35
5252,Haridwar,35
5253,Herbertpur,35
5254,Jaspur,35
5255,Jhabrera,35
5256,Joshimath,35
5257,Kachnal Gosain,35
5258,Kaladungi,35
5259,Kalagarh,35
5260,Karnaprayang,35
5261,Kashipur,35
5262,Kashirampur,35
5263,Kausani,35
5264,Kedarnath,35
5265,Kelakhera,35
5266,Khatima,35
5267,Kichha,35
5268,Kirtinagar,35
5269,Kotdwara,35
5270,Laksar,35
5271,Lalkuan,35
5272,Landaura,35
5273,Landhaura Cantonment,35
5274,Lensdaun,35
5275,Logahat,35
5276,Mahua Dabra Haripura,35
5277,Mahua Kheraganj,35
5278,Manglaur,35
5279,Masuri,35
5280,Mohanpur Mohammadpur,35
5281,Muni Ki Reti,35
5282,Nagla,35
5283,Nainital,35
5284,Nainital Cantonment,35
5285,Nandaprayang,35
5286,Narendranagar,35
5287,Pauri,35
5288,Pithoragarh,35
5289,Pratitnagar,35
5290,Raipur,35
5291,Raiwala,35
5292,Ramnagar,35
5293,Ranikhet,35
5294,Ranipur,35
5295,Rishikesh,35
5296,Rishikesh Cantonment,35
5297,Roorkee,35
5298,Rudraprayag,35
5299,Rudrapur,35
5300,Rurki,35
5301,Rurki Cantonment,35
5302,Shaktigarh,35
5303,Sitarganj,35
5304,Srinagar,35
5305,Sultanpur,35
5306,Tanakpur,35
5307,Tehri,35
5308,Udham Singh Nagar,35
5309,Uttarkashi,35
5310,Vikasnagar,35
5311,Virbhadra,35
5312,24 Parganas (n),36
5313,24 Parganas (s),36
5314,Adra,36
5315,Ahmadpur,36
5316,Aiho,36
5317,Aistala,36
5318,Alipur Duar,36
5319,Alipur Duar Railway Junction,36
5320,Alpur,36
5321,Amalhara,36
5322,Amkula,36
5323,Amlagora,36
5324,Amodghata,36
5325,Amtala,36
5326,Andul,36
5327,Anksa,36
5328,Ankurhati,36
5329,Anup Nagar,36
5330,Arambagh,36
5331,Argari,36
5332,Arsha,36
5333,Asansol,36
5334,Ashoknagar Kalyangarh,36
5335,Aurangabad,36
5336,Bablari Dewanganj,36
5337,Badhagachhi,36
5338,Baduria,36
5339,Baghdogra,36
5340,Bagnan,36
5341,Bagra,36
5342,Bagula,36
5343,Baharampur,36
5344,Bahirgram,36
5345,Bahula,36
5346,Baidyabati,36
5347,Bairatisal,36
5348,Baj Baj,36
5349,Bakreswar,36
5350,Balaram Pota,36
5351,Balarampur,36
5352,Bali Chak,36
5353,Ballavpur,36
5354,Bally,36
5355,Balurghat,36
5356,Bamunari,36
5357,Banarhat Tea Garden,36
5358,Bandel,36
5359,Bangaon,36
5360,Bankra,36
5361,Bankura,36
5362,Bansbaria,36
5363,Banshra,36
5364,Banupur,36
5365,Bara Bamonia,36
5366,Barakpur,36
5367,Barakpur Cantonment,36
5368,Baranagar,36
5369,Barasat,36
5370,Barddhaman,36
5371,Barijhati,36
5372,Barjora,36
5373,Barrackpore,36
5374,Baruihuda,36
5375,Baruipur,36
5376,Barunda,36
5377,Basirhat,36
5378,Baska,36
5379,Begampur,36
5380,Beldanga,36
5381,Beldubi,36
5382,Belebathan,36
5383,Beliator,36
5384,Bhadreswar,36
5385,Bhandardaha,36
5386,Bhangar Raghunathpur,36
5387,Bhangri Pratham Khanda,36
5388,Bhanowara,36
5389,Bhatpara,36
5390,Bholar Dabri,36
5391,Bidhannagar,36
5392,Bidyadharpur,36
5393,Biki Hakola,36
5394,Bilandapur,36
5395,Bilpahari,36
5396,Bipra Noapara,36
5397,Birlapur,36
5398,Birnagar,36
5399,Bisarpara,36
5400,Bishnupur,36
5401,Bolpur,36
5402,Bongaon,36
5403,Bowali,36
5404,Burdwan,36
5405,Canning,36
5406,Cart Road,36
5407,Chachanda,36
5408,Chak Bankola,36
5409,Chak Enayetnagar,36
5410,Chak Kashipur,36
5411,Chakalampur,36
5412,Chakbansberia,36
5413,Chakdaha,36
5414,Chakpara,36
5415,Champahati,36
5416,Champdani,36
5417,Chamrail,36
5418,Chandannagar,36
5419,Chandpur,36
5420,Chandrakona,36
5421,Chapari,36
5422,Chapui,36
5423,Char Brahmanagar,36
5424,Char Maijdia,36
5425,Charka,36
5426,Chata Kalikapur,36
5427,Chauhati,36
5428,Checha Khata,36
5429,Chelad,36
5430,Chhora,36
5431,Chikrand,36
5432,Chittaranjan,36
5433,Contai,36
5434,Cooch Behar,36
5435,Dainhat,36
5436,Dakshin Baguan,36
5437,Dakshin Jhapardaha,36
5438,Dakshin Rajyadharpur,36
5439,Dakshin Raypur,36
5440,Dalkola,36
5441,Dalurband,36
5442,Darap Pur,36
5443,Darjiling,36
5444,Daulatpur,36
5445,Debipur,36
5446,Defahat,36
5447,Deora,36
5448,Deulia,36
5449,Dhakuria,36
5450,Dhandadihi,36
5451,Dhanyakuria,36
5452,Dharmapur,36
5453,Dhatri Gram,36
5454,Dhuilya,36
5455,Dhulagari,36
5456,Dhulian,36
5457,Dhupgari,36
5458,Dhusaripara,36
5459,Diamond Harbour,36
5460,Digha,36
5461,Dignala,36
5462,Dinhata,36
5463,Dubrajpur,36
5464,Dumjor,36
5465,Durgapur,36
5466,Durllabhganj,36
5467,Egra,36
5468,Eksara,36
5469,Falakata,36
5470,Farakka,36
5471,Fatellapur,36
5472,Fort Gloster,36
5473,Gabberia,36
5474,Gadigachha,36
5475,Gairkata,36
5476,Gangarampur,36
5477,Garalgachha,36
5478,Garbeta Amlagora,36
5479,Garhbeta,36
5480,Garshyamnagar,36
5481,Garui,36
5482,Garulia,36
5483,Gayespur,36
5484,Ghatal,36
5485,Ghorsala,36
5486,Goaljan,36
5487,Goasafat,36
5488,Gobardanga,36
5489,Gobindapur,36
5490,Gopalpur,36
5491,Gopinathpur,36
5492,Gora Bazar,36
5493,Guma,36
5494,Gurdaha,36
5495,Guriahati,36
5496,Guskhara,36
5497,Habra,36
5498,Haldia,36
5499,Haldibari,36
5500,Halisahar,36
5501,Haora,36
5502,Harharia Chak,36
5503,Harindanga,36
5504,Haringhata,36
5505,Haripur,36
5506,Harishpur,36
5507,Hatgachha,36
5508,Hatsimla,36
5509,Hijuli,36
5510,Hindustan Cables Town,36
5511,Hooghly,36
5512,Howrah,36
5513,Hugli-Chunchura,36
5514,Humaipur,36
5515,Ichha Pur Defence Estate,36
5516,Ingraj Bazar,36
5517,Islampur,36
5518,Jafarpur,36
5519,Jagadanandapur,36
5520,Jagdishpur,36
5521,Jagtaj,36
5522,Jala Kendua,36
5523,Jaldhaka,36
5524,Jalkhura,36
5525,Jalpaiguri,36
5526,Jamuria,36
5527,Jangipur,36
5528,Jaygaon,36
5529,Jaynagar-Majilpur,36
5530,Jemari,36
5531,Jemari Township,36
5532,Jetia,36
5533,Jhalida,36
5534,Jhargram,36
5535,Jhorhat,36
5536,Jiaganj-Azimganj,36
5537,Joka,36
5538,Jot Kamal,36
5539,Kachu Pukur,36
5540,Kajora,36
5541,Kakdihi,36
5542,Kakdwip,36
5543,Kalaikunda,36
5544,Kalara,36
5545,Kalimpong,36
5546,Kaliyaganj,36
5547,Kalna,36
5548,Kalyani,36
5549,Kamarhati,36
5550,Kanaipur,36
5551,Kanchrapara,36
5552,Kandi,36
5553,Kanki,36
5554,Kankuria,36
5555,Kantlia,36
5556,Kanyanagar,36
5557,Karimpur,36
5558,Karsiyang,36
5559,Kasba,36
5560,Kasimbazar,36
5561,Katwa,36
5562,Kaugachhi,36
5563,Kenda,36
5564,Kendra Khottamdi,36
5565,Kendua,36
5566,Kesabpur,36
5567,Khagrabari,36
5568,Khalia,36
5569,Khalor,36
5570,Khandra,36
5571,Khantora,36
5572,Kharagpur,36
5573,Kharagpur Railway Settlement,36
5574,Kharar,36
5575,Khardaha,36
5576,Khari Mala Khagrabari,36
5577,Kharsarai,36
5578,Khatra,36
5579,Khodarampur,36
5580,Kodalia,36
5581,Kolaghat,36
5582,Kolaghat Thermal Power Project,36
5583,Kolkata,36
5584,Konardihi,36
5585,Konnogar,36
5586,Krishnanagar,36
5587,Krishnapur,36
5588,Kshidirpur,36
5589,Kshirpai,36
5590,Kulihanda,36
5591,Kulti,36
5592,Kunustara,36
5593,Kuperskem,36
5594,Madanpur,36
5595,Madhusudanpur,36
5596,Madhyamgram,36
5597,Maheshtala,36
5598,Mahiari,36
5599,Mahikpur,36
5600,Mahira,36
5601,Mahishadal,36
5602,Mainaguri,36
5603,Makardaha,36
5604,Mal,36
5605,Malda,36
5606,Mandarbani,36
5607,Mansinhapur,36
5608,Masila,36
5609,Maslandapur,36
5610,Mathabhanga,36
5611,Mekliganj,36
5612,Memari,36
5613,Midnapur,36
5614,Mirik,36
5615,Monoharpur,36
5616,Mrigala,36
5617,Muragachha,36
5618,Murgathaul,36
5619,Murshidabad,36
5620,Nabadhai Dutta Pukur,36
5621,Nabagram,36
5622,Nabgram,36
5623,Nachhratpur Katabari,36
5624,Nadia,36
5625,Naihati,36
5626,Nalhati,36
5627,Nasra,36
5628,Natibpur,36
5629,Naupala,36
5630,Navadwip,36
5631,Nebadhai Duttapukur,36
5632,New Barrackpore,36
5633,Ni Barakpur,36
5634,Nibra,36
5635,Noapara,36
5636,Nokpul,36
5637,North Barakpur,36
5638,Odlabari,36
5639,Old Maldah,36
5640,Ondal,36
5641,Pairagachha,36
5642,Palashban,36
5643,Panchla,36
5644,Panchpara,36
5645,Pandua,36
5646,Pangachhiya,36
5647,Paniara,36
5648,Panihati,36
5649,Panuhat,36
5650,Par Beliya,36
5651,Parashkol,36
5652,Parasia,36
5653,Parbbatipur,36
5654,Parui,36
5655,Paschim Jitpur,36
5656,Paschim Punro Para,36
5657,Patrasaer,36
5658,Pattabong Tea Garden,36
5659,Patuli,36
5660,Patulia,36
5661,Phulia,36
5662,Podara,36
5663,Port Blair,36
5664,Prayagpur,36
5665,Pujali,36
5666,Purba Medinipur,36
5667,Purba Tajpur,36
5668,Purulia,36
5669,Raghudebbati,36
5670,Raghudebpur,36
5671,Raghunathchak,36
5672,Raghunathpur,36
5673,Raghunathpur-Dankuni,36
5674,Raghunathpur-Magra,36
5675,Raigachhi,36
5676,Raiganj,36
5677,Raipur,36
5678,Rajarhat Gopalpur,36
5679,Rajpur,36
5680,Ramchandrapur,36
5681,Ramjibanpur,36
5682,Ramnagar,36
5683,Rampur Hat,36
5684,Ranaghat,36
5685,Raniganj,36
5686,Ratibati,36
5687,Raypur,36
5688,Rishra,36
5689,Rishra Cantonment,36
5690,Ruiya,36
5691,Sahajadpur,36
5692,Sahapur,36
5693,Sainthia,36
5694,Salap,36
5695,Sankarpur,36
5696,Sankrail,36
5697,Santoshpur,36
5698,Saontaidih,36
5699,Sarenga,36
5700,Sarpi,36
5701,Satigachha,36
5702,Serpur,36
5703,Shankhanagar,36
5704,Shantipur,36
5705,Shrirampur,36
5706,Siduli,36
5707,Siliguri,36
5708,Simla,36
5709,Singur,36
5710,Sirsha,36
5711,Siuri,36
5712,Sobhaganj,36
5713,Sodpur,36
5714,Sonamukhi,36
5715,Sonatikiri,36
5716,Srikantabati,36
5717,Srirampur,36
5718,Sukdal,36
5719,Taherpur,36
5720,Taki,36
5721,Talbandha,36
5722,Tamluk,36
5723,Tarakeswar,36
5724,Tentulberia,36
5725,Tentulkuli,36
5726,Thermal Power Project,36
5727,Tinsukia,36
5728,Titagarh,36
5729,Tufanganj,36
5730,Ukhra,36
5731,Ula,36
5732,Ulubaria,36
5733,Uttar Durgapur,36
5734,Uttar Goara,36
5735,Uttar Kalas,36
5736,Uttar Kamakhyaguri,36
5737,Uttar Latabari,36
5738,Uttar Mahammadpur,36
5739,Uttar Pirpur,36
5740,Uttar Raypur,36
5741,Uttarpara-Kotrung,36